INSERT INTO channel VALUES ('UCBoANX4oFfAyGPjMSUFYrfQ', 'LANY', '13-JUL-16', 'thisislany.com', 991663);

INSERT INTO music_video VALUES ('UCBoANX4oFfAyGPjMSUFYrfQ', 'gi5BPYuSLt4', 'LANY - Taking Me Back (Official Video)', 'PT3M24S', '15-NOV-18', 'LANY WORLD TOUR 2019 NOW ON SALE HERE: https://thisislany.com/TOUR  Listen to ''Malibu Nights'' - https://Lany.lnk.to/MalibuNightsID  Sign up to newsletter: http://thisislany.com/mailinglist  http://t', 1461683, 31952, 198);

INSERT INTO channel VALUES ('UCxluJEHS1URktj8bYJUGWDA', 'gorbua rimdusit', '01-MAR-13', '1998 Girls ,BKK Thailand 🌻', 0);

INSERT INTO music_video VALUES ('UCxluJEHS1URktj8bYJUGWDA', '9hIHD-M2wqE', 'ENGE 2', 'PT1M52S', '03-JUN-18', 'Animated Video created using Animaker - https://www.animaker.com  .....', 4, 0, 0);

INSERT INTO music_video VALUES ('UCxluJEHS1URktj8bYJUGWDA', 'sdksgvDuE0A', 'ENGE100', 'PT1M42S', '01-JUN-18', 'Animated Video created using Animaker - https://www.animaker.com  ....', 5, 0, 0);

INSERT INTO channel VALUES ('UCaOVaRwShNLPtQmKgIyBP1w', 'Baroctar', '06-AUG-11', 'http://www.baroctar.com', 363338);

INSERT INTO subscribes_to VALUES ('UCxluJEHS1URktj8bYJUGWDA', 'UCaOVaRwShNLPtQmKgIyBP1w');

INSERT INTO channel VALUES ('UCGt02SBZBRIOMjdBNN58M5w', 'noyneung makeup', '01-MAR-12', 'Freaky / Funny / Fantasy ❤️', 32444);

INSERT INTO subscribes_to VALUES ('UCxluJEHS1URktj8bYJUGWDA', 'UCGt02SBZBRIOMjdBNN58M5w');

INSERT INTO channel VALUES ('UC3SaG2jCoWuI50eC41OJ53Q', 'สํานักข่าวไทย TNAMCOT', '13-JUN-11', 'สำนักข่าวไทย อสมท | Thai News Agency MCOT Pcl.  www.tnamcot.com', 1563933);

INSERT INTO subscribes_to VALUES ('UCxluJEHS1URktj8bYJUGWDA', 'UC3SaG2jCoWuI50eC41OJ53Q');

INSERT INTO channel VALUES ('UCRLn0dO7k-2Bsle_MRBqv2w', 'Janepim', '21-FEB-16', 'I''m Jane. Hope you enjoy🥰 IG : janepdr', 11555);

INSERT INTO subscribes_to VALUES ('UCxluJEHS1URktj8bYJUGWDA', 'UCRLn0dO7k-2Bsle_MRBqv2w');

INSERT INTO channel VALUES ('UCEziz_UlMBt0e_pT-nWiRPw', 'Spicydisc', '04-OCT-07', 'Work Contact SpicyDisc : Office 02-264-5091   1. Artist ShowBiz   Booking (งานโชว์ศิลปิน) :  084-707-4446 , 093-669-7494 (Por / ปอ)  061-692-2654 (Toey / เตย)  081-889-8864 (Jaaw / แจ๋ว)  2. Public Re', 1469648);

INSERT INTO subscribes_to VALUES ('UCxluJEHS1URktj8bYJUGWDA', 'UCEziz_UlMBt0e_pT-nWiRPw');

INSERT INTO video_comment VALUES ('UCBoANX4oFfAyGPjMSUFYrfQ', 'gi5BPYuSLt4', 'UgwOaTX_xGW55VF-0eV4AaABAg', '01-MAY-19', 'See you 29 july at Thailand , bangkok 💗', 0, 'UCxluJEHS1URktj8bYJUGWDA');

INSERT INTO channel VALUES ('UCWrWZ0Z5wJ-gtMSW39-ZLgg', 'Bryan Barrales', '11-APR-15', '', 3);

INSERT INTO video_comment VALUES ('UCBoANX4oFfAyGPjMSUFYrfQ', 'gi5BPYuSLt4', 'UgzN3ps34gNvj9XoHB14AaABAg', '30-APR-19', 'Today my girlfriend who left me a week ago is going to give me my stuff back and I know when we meet up later today, we can get back cause I’ll take her back', 0, 'UCWrWZ0Z5wJ-gtMSW39-ZLgg');

INSERT INTO channel VALUES ('UC5WYT73MxN1LqoQpcJPOL9Q', 'FOREVER RAIN', '21-OCT-14', 'BTS   SHINEE KINGS OF KPOP', 0);

INSERT INTO video_comment VALUES ('UCBoANX4oFfAyGPjMSUFYrfQ', 'gi5BPYuSLt4', 'Ugw9pyCXotNPYI2Yas14AaABAg', '30-APR-19', 'COME TO ISRAEL', 0, 'UC5WYT73MxN1LqoQpcJPOL9Q');

INSERT INTO channel VALUES ('UCEihSxKb7CuyoC5w7I3fU-A', 'jeff cordova', '24-MAY-14', '', 4);

INSERT INTO music_video VALUES ('UCEihSxKb7CuyoC5w7I3fU-A', 'gNCxfzs1ydM', 'Picture Perfect- 10 Years Live At the Bourbon Theater 2/9/19', 'PT3M', '19-FEB-19', 'Great performance of a a great song that I saw them play live for the 1st time ever! Enjoy!!', 5, 0, 0);

INSERT INTO music_video VALUES ('UCEihSxKb7CuyoC5w7I3fU-A', 'FJ8z5MtxYEc', 'When Your cousin Rodney is A speacial person...', 'PT53S', '12-JAN-18', 'My boys felix filmed this shit and Jballs', 15, 0, 0);

INSERT INTO music_video VALUES ('UCEihSxKb7CuyoC5w7I3fU-A', 'BKQGeV3SOBw', '10 Years Seasons To Cycles Live @The Marquis Theater Denver June 6 2017', 'PT4M4S', '14-JUN-17', '', 24, 0, 0);

INSERT INTO music_video VALUES ('UCEihSxKb7CuyoC5w7I3fU-A', 'CBMQAVu9Pes', 'Aaron''s graduation', 'PT2M21S', '17-MAR-17', '', 4, 0, 0);

INSERT INTO music_video VALUES ('UCEihSxKb7CuyoC5w7I3fU-A', '3qqGaHrVwzM', '10 Years The Recipe-Cast It Out Live @The Varsity Theater January 27th 2017', 'PT7M6S', '14-FEB-17', 'The Recipe   Cast It out live from the Autumn Effect 11th anniversary tour last month in Baton Rouge, got to meet Matt wantland for the 1st time, nice to see Brian back in The Touring lineup.. Great s', 77, 0, 0);

INSERT INTO channel VALUES ('UCP1TNPo8QrD5YJbanRikaHQ', 'Daniel Duskin', '28-OCT-13', 'https://www.danielduskin.com', 12908);

INSERT INTO subscribes_to VALUES ('UCEihSxKb7CuyoC5w7I3fU-A', 'UCP1TNPo8QrD5YJbanRikaHQ');

INSERT INTO channel VALUES ('UCC6weHznyNpZ3J54ojBl40Q', 'The Revolutionary Cuz Show', '15-OCT-11', 'Comedy', 6962);

INSERT INTO subscribes_to VALUES ('UCEihSxKb7CuyoC5w7I3fU-A', 'UCC6weHznyNpZ3J54ojBl40Q');

INSERT INTO channel VALUES ('UCxYS_wIljaOTgFFDK2RK15w', '3doorsdown', '05-MAR-06', 'The Official YouTube page for the rock band 3 Doors Down. New album, "Us And The Night" out now!', 1318155);

INSERT INTO subscribes_to VALUES ('UCEihSxKb7CuyoC5w7I3fU-A', 'UCxYS_wIljaOTgFFDK2RK15w');

INSERT INTO channel VALUES ('UCmFp3gyBXLirYZRCfDh6PjQ', 'Thizzler On The Roof', '09-JAN-11', 'The latest Northern California songs, music videos, interviews   original content. Updated daily with new music from Northern California rappers like SOB X RBE, Mozzy, J. Stalin, MBNel, Benny, Robbios', 784270);

INSERT INTO subscribes_to VALUES ('UCEihSxKb7CuyoC5w7I3fU-A', 'UCmFp3gyBXLirYZRCfDh6PjQ');

INSERT INTO channel VALUES ('UCm1s2VS9BdyXL9FU4a-W_cQ', 'Nipsey Hussle', '20-SEP-17', 'ALL MONEY IN', 1039139);

INSERT INTO subscribes_to VALUES ('UCEihSxKb7CuyoC5w7I3fU-A', 'UCm1s2VS9BdyXL9FU4a-W_cQ');

INSERT INTO video_comment VALUES ('UCBoANX4oFfAyGPjMSUFYrfQ', 'gi5BPYuSLt4', 'Ugw3zULCoFVPaDhRcyZ4AaABAg', '30-APR-19', 'Being a lover of all music, these guys are top 5 in best artists right now', 0, 'UCEihSxKb7CuyoC5w7I3fU-A');

INSERT INTO music_video VALUES ('UCBoANX4oFfAyGPjMSUFYrfQ', 'g5xxhaKm1RQ', 'LANY - Malibu Nights (Official Video)', 'PT4M38S', '16-OCT-18', 'Listen to ''Malibu Nights'' - https://Lany.lnk.to/MalibuNightsID  Sign up to newsletter: http://thisislany.com/mailinglist  http://thisislany.com  Follow @thisislany #LANY #MalibuNights', 6258020, 163001, 1552);

INSERT INTO channel VALUES ('UCudsdChnZnA6fM_awz1JGrw', 'Hana Nabila', '04-APR-16', '', 0);

INSERT INTO channel VALUES ('UCRggxhdYIz0zSvUgJmCWMGg', 'musiktulus', '12-MAY-11', 'The Official TULUS YouTube Channel.  TULUS new album  ''Monokrom'' from his third album featuring "Pamit", "Ruang Sendiri", "Monokrom" , "Tukar Jiwa" is available NOW on Spotify: http://smarturl.it/Al', 568348);

INSERT INTO subscribes_to VALUES ('UCudsdChnZnA6fM_awz1JGrw', 'UCRggxhdYIz0zSvUgJmCWMGg');

INSERT INTO channel VALUES ('UCYVu6ZZpGsJZ2yl38RSGI1Q', 'Aksi Cepat Tanggap', '23-OCT-12', 'Menjadi organisasi kemanusiaan global profesional berbasis kedermawanan dan kerelawanan masyarakat global untuk mewujudkan peradaban dunia yang lebih baik  Aksi Cepat Tanggap (ACT) Foundation is a pro', 31576);

INSERT INTO subscribes_to VALUES ('UCudsdChnZnA6fM_awz1JGrw', 'UCYVu6ZZpGsJZ2yl38RSGI1Q');

INSERT INTO channel VALUES ('UC8-Th83bH_thdKZDJCrn88g', 'The Tonight Show Starring Jimmy Fallon', '08-JAN-06', 'Watch The Tonight Show Starring Jimmy Fallon Weeknights 11:35/10:35c  The Tonight Show Starring Jimmy Fallon features hilarious highlights from the show including: comedy sketches, music parodies, cel', 20853042);

INSERT INTO subscribes_to VALUES ('UCudsdChnZnA6fM_awz1JGrw', 'UC8-Th83bH_thdKZDJCrn88g');

INSERT INTO channel VALUES ('UC-vKwDHcbPLtjml81ohGRng', '5 Seconds of Summer', '13-AUG-07', 'YOUNGBLOOD OUT NOW  ➟ https://5sosuk.lnk.to/YoungbloodDeluxe  WE ARE COMING TO A CITY NEAR YOU //  www.5sos.com/tour   WWW.5SOS.COM YOUTUBE: https://www.youtube.com/user/hemmo1996 FACEBOOK: http://www', 6070921);

INSERT INTO subscribes_to VALUES ('UCudsdChnZnA6fM_awz1JGrw', 'UC-vKwDHcbPLtjml81ohGRng');

INSERT INTO channel VALUES ('UCW2D8YiBtwhNslRFKTr9Axw', 'H O N N E', '11-JUL-14', '本音 (True Feelings) New album “Love Me / Love Me Not” out August 24th on Tatemae Recordings: https://atlanti.cr/LoveMe-LoveMeNot', 432811);

INSERT INTO subscribes_to VALUES ('UCudsdChnZnA6fM_awz1JGrw', 'UCW2D8YiBtwhNslRFKTr9Axw');

INSERT INTO video_comment VALUES ('UCBoANX4oFfAyGPjMSUFYrfQ', 'g5xxhaKm1RQ', 'UgztJldYx7MXR8Y5tWd4AaABAg', '01-MAY-19', 'When people on comment said thank u to rose cause her brought them here. But i am here cause LANY self🙌🙌🙌', 0, 'UCudsdChnZnA6fM_awz1JGrw');

INSERT INTO channel VALUES ('UCa6xAdMt6qzGmhf_NK0_agw', 'Joy Ondevilla', '28-DEC-15', '', 0);

INSERT INTO video_comment VALUES ('UCBoANX4oFfAyGPjMSUFYrfQ', 'g5xxhaKm1RQ', 'UgzW3tAg01hi_2A5VwJ4AaABAg', '01-MAY-19', '❤❤❤', 0, 'UCa6xAdMt6qzGmhf_NK0_agw');

INSERT INTO channel VALUES ('UCCvbLstdxO25Y3CzIA3VR0Q', 'm wazeeha', '07-JUL-17', '', 0);

INSERT INTO video_comment VALUES ('UCBoANX4oFfAyGPjMSUFYrfQ', 'g5xxhaKm1RQ', 'UgxFcxP7Rm-O1UIOJZ54AaABAg', '01-MAY-19', 'Rosè love this song and im loving it coz i love her. Great song.# blink 😌😅', 0, 'UCCvbLstdxO25Y3CzIA3VR0Q');

INSERT INTO channel VALUES ('UC1ZkZ5jNp21pY5DQ6BEURDw', 'Michelle Sihaloho', '17-MAR-18', '', 0);

INSERT INTO video_comment VALUES ('UCBoANX4oFfAyGPjMSUFYrfQ', 'g5xxhaKm1RQ', 'UgzKILWxZpWdXirSc_F4AaABAg', '01-MAY-19', 'U #39;ve shown a good song for us, rosie!', 0, 'UC1ZkZ5jNp21pY5DQ6BEURDw');

INSERT INTO music_video VALUES ('UCBoANX4oFfAyGPjMSUFYrfQ', 'm3cQFfej-LI', 'Moon Tour - London', 'PT57S', '09-OCT-18', 'thisislany.com/tour  shot by Tom Pullen', 24499, 2855, 5);

INSERT INTO channel VALUES ('UCw1fN7ixP7Wm1DoLABIpp4g', 'anthony anenias', '28-NOV-18', '', 0);

INSERT INTO video_comment VALUES ('UCBoANX4oFfAyGPjMSUFYrfQ', 'm3cQFfej-LI', 'UgzIqmjy5mQq1UrY2iN4AaABAg', '01-APR-19', 'song  name?', 0, 'UCw1fN7ixP7Wm1DoLABIpp4g');

INSERT INTO channel VALUES ('UCy3HS5Viz02pHh8PAu14MEQ', 'jooni dimpols', '15-JUL-18', '', 0);

INSERT INTO video_comment VALUES ('UCBoANX4oFfAyGPjMSUFYrfQ', 'm3cQFfej-LI', 'UgzV44R0SXUal9pGtTd4AaABAg', '03-MAR-19', 'wait for it philippines!!!', 0, 'UCy3HS5Viz02pHh8PAu14MEQ');

INSERT INTO channel VALUES ('UCRSjAeIV4omqUIDtebEaIfg', 'Michelle San Jose', '24-NOV-17', '', 0);

INSERT INTO video_comment VALUES ('UCBoANX4oFfAyGPjMSUFYrfQ', 'm3cQFfej-LI', 'UgxbeNHthFfB5urZQ8x4AaABAg', '27-JAN-19', 'Lany deserves more views and subscribers! We love you from PHILIPPINES!', 0, 'UCRSjAeIV4omqUIDtebEaIfg');

INSERT INTO channel VALUES ('UCSiuUwXjMrvL5_p0FiNBY8Q', 'octa vennia', '17-JAN-14', '', 0);

INSERT INTO music_video VALUES ('UCSiuUwXjMrvL5_p0FiNBY8Q', '00NFPG0H-2A', 'Lany - the breakup', 'PT43S', '19-AUG-17', '', 3, 0, 0);

INSERT INTO music_video VALUES ('UCSiuUwXjMrvL5_p0FiNBY8Q', 'PTVb2fzKpA4', 'Lany- dumb stuff', 'PT1M50S', '19-AUG-17', '', 8, 0, 0);

INSERT INTO channel VALUES ('UCelMeixAOTs2OQAAi9wU8-g', 'CookieSwirlC', '03-NOV-13', 'Play The official Cookie Swirl World App Game for FREE:   https://itunes.apple.com/us/app/cookie-swirl-world/id1445080198?ls=1 mt=8  https://play.google.com/store/apps/details?id=com.dyadgames.cookies', 11590441);

INSERT INTO subscribes_to VALUES ('UCSiuUwXjMrvL5_p0FiNBY8Q', 'UCelMeixAOTs2OQAAi9wU8-g');

INSERT INTO channel VALUES ('UCQ00zWTLrgRQJUb8MHQg21A', 'Come Play With Me', '24-JAN-14', 'COME PLAY WITH ME is a great kid friendly toys dolls parody channel featuring videos with : queen Elsa of Arendelle, princess Anna from the Disney’s movie Frozen,  Elsa and Anna toddlers, Olaf, Sven, ', 5430164);

INSERT INTO subscribes_to VALUES ('UCSiuUwXjMrvL5_p0FiNBY8Q', 'UCQ00zWTLrgRQJUb8MHQg21A');

INSERT INTO channel VALUES ('UCuqVbW5jOM5S0KNiONu6fkA', 'Cerita Untuk Anak-Anak', '18-JAN-17', 'Cerita Untuk Anak-Anak channel Youtube (Dongeng anak indonesia) Alur cerita terbaik di YouTube for Kids Terima kasih telah menonton  Silahkan berlangganan saluran saya: https://goo.gl/juUQyk  Rapunzel', 648364);

INSERT INTO subscribes_to VALUES ('UCSiuUwXjMrvL5_p0FiNBY8Q', 'UCuqVbW5jOM5S0KNiONu6fkA');

INSERT INTO channel VALUES ('UCRpB0f1-u7gn1dSqG0ZEoBQ', 'Jakarta Konser', '14-AUG-17', 'About concert', 3437);

INSERT INTO subscribes_to VALUES ('UCSiuUwXjMrvL5_p0FiNBY8Q', 'UCRpB0f1-u7gn1dSqG0ZEoBQ');

INSERT INTO channel VALUES ('UCiGm_E4ZwYSHV3bcW1pnSeQ', 'Billie Eilish', '06-FEB-13', '', 12326139);

INSERT INTO subscribes_to VALUES ('UCSiuUwXjMrvL5_p0FiNBY8Q', 'UCiGm_E4ZwYSHV3bcW1pnSeQ');

INSERT INTO video_comment VALUES ('UCBoANX4oFfAyGPjMSUFYrfQ', 'm3cQFfej-LI', 'UgzYhJSsdEotJZVDZeF4AaABAg', '04-NOV-18', 'Jakarta, Indonesia pls!!!!!!!!! We love youuuu', 0, 'UCSiuUwXjMrvL5_p0FiNBY8Q');

INSERT INTO music_video VALUES ('UCBoANX4oFfAyGPjMSUFYrfQ', 'bxTy063e_EY', 'LANY - Run (Official Audio)', 'PT3M49S', '05-OCT-18', 'Listen to ''Malibu Nights'' - https://Lany.lnk.to/MalibuNightsID  Sign up to newsletter: http://thisislany.com/mailinglist  http://thisislany.com  Follow @thisislany #LANY #MalibuNights', 1349923, 11930, 92);

INSERT INTO channel VALUES ('UC0FGH7hovItkruF66t1Xg4A', 'Jenn Mljn', '02-MAR-18', '', 0);

INSERT INTO video_comment VALUES ('UCBoANX4oFfAyGPjMSUFYrfQ', 'bxTy063e_EY', 'UgxMPg8XXllCfsFRyDt4AaABAg', '17-APR-19', '💕', 0, 'UC0FGH7hovItkruF66t1Xg4A');

INSERT INTO channel VALUES ('UCe5TyCk8m9TV-WWHD5cenWQ', 'Precious Martinez', '29-MAR-19', '', 0);

INSERT INTO video_comment VALUES ('UCBoANX4oFfAyGPjMSUFYrfQ', 'bxTy063e_EY', 'UgxCc9UgqylxtkWXNX94AaABAg', '12-APR-19', 'I could feel Paul here.  The pain is real.', 0, 'UCe5TyCk8m9TV-WWHD5cenWQ');

INSERT INTO channel VALUES ('UCYcQtg5TxhaBprSw_X0Wfyw', 'Bon Boonex', '10-OCT-15', '', 4);

INSERT INTO music_video VALUES ('UCYcQtg5TxhaBprSw_X0Wfyw', 'vxJlxelU3d4', 'Look how happy this 1 year old baby after making a success dunk', 'PT1M4S', '11-APR-19', '', 9, 0, 0);

INSERT INTO music_video VALUES ('UCYcQtg5TxhaBprSw_X0Wfyw', 'ISaOx0pCstA', 'Jeepney | Sponge Cola (bon cover)', 'PT5M20S', '07-APR-19', 'This video is from WeSing', 1, 0, 0);

INSERT INTO music_video VALUES ('UCYcQtg5TxhaBprSw_X0Wfyw', 'ygxUVKyo-g0', 'Thru these tears cover by Bon', 'PT3M25S', '07-APR-19', 'This video is from WeSing', 5, 0, 0);

INSERT INTO music_video VALUES ('UCYcQtg5TxhaBprSw_X0Wfyw', 'wi8Yr_HZ2aA', 'Thick and thin | LANY', 'PT3M34S', '05-APR-19', '', 10, 1, 0);

INSERT INTO music_video VALUES ('UCYcQtg5TxhaBprSw_X0Wfyw', 'u9j3woATZBQ', 'Happy baby dancin', 'PT1M33S', '03-APR-19', 'Babyshark on the tv', 1, 0, 0);

INSERT INTO channel VALUES ('UCinZgyXjz6bB3atpL5lTQTg', 'SUKA SUKA', '30-APR-16', '', 21896);

INSERT INTO subscribes_to VALUES ('UCYcQtg5TxhaBprSw_X0Wfyw', 'UCinZgyXjz6bB3atpL5lTQTg');

INSERT INTO channel VALUES ('UC98YpnLIY4HyHAzAmY48kDQ', 'Kiddie Land Toys   Learning', '10-JAN-15', 'Welcome to Kiddie Land Toys    Learning! Subscribe to our channel to follow the fun. https://www.youtube.com/channel/UC98YpnLIY4HyHAzAmY48kDQ?sub_confirmation=1   We create fun family friendly videos ', 0);

INSERT INTO subscribes_to VALUES ('UCYcQtg5TxhaBprSw_X0Wfyw', 'UC98YpnLIY4HyHAzAmY48kDQ');

INSERT INTO channel VALUES ('UCqXwKu6dKobXEQFhdKtiJLQ', '핑크퐁 (인기 동요・동화)', '11-MAR-14', '전세계 1억 5천만명 어린이들의 마음을 사로잡은 핑크퐁!  글로벌 유아교육 브랜드 핑크퐁의 공식 한국어 유튜브 채널입니다.  2,300여편의 핑크퐁 동요・동화 영상 콘텐츠는  유아 교육 전문가들이 자체적으로 제작하고 있습니다.  신나는 핑크퐁 동요∙동화를 보면서 공룡 이름부터 알파벳까지 배워보세요!  핑크퐁 공식 유튜브 채널을 구독하시면 매주 업로드되는 영', 4593216);

INSERT INTO subscribes_to VALUES ('UCYcQtg5TxhaBprSw_X0Wfyw', 'UCqXwKu6dKobXEQFhdKtiJLQ');

INSERT INTO channel VALUES ('UCOUABwInspZU96hp092kt7Q', 'Funny Bunny', '14-SEP-16', '', 3802940);

INSERT INTO subscribes_to VALUES ('UCYcQtg5TxhaBprSw_X0Wfyw', 'UCOUABwInspZU96hp092kt7Q');

INSERT INTO channel VALUES ('UCAsGYhxfS29Y13_Eh7TmmLA', 'projectmusic', '28-AUG-10', 'Hey ! Its Dixon from projectmusic. I make fingerstyle guitar covers when I m bored. Malaysian represent ! Subscribe to my channel , like and feel free to share. Sponsor me things ! dixonchan97@gmail.c', 2464);

INSERT INTO subscribes_to VALUES ('UCYcQtg5TxhaBprSw_X0Wfyw', 'UCAsGYhxfS29Y13_Eh7TmmLA');

INSERT INTO video_comment VALUES ('UCBoANX4oFfAyGPjMSUFYrfQ', 'bxTy063e_EY', 'UgxXsmVxQrF91XdpISp4AaABAg', '08-APR-19', 'Lany really goin huge now. keep making good music guys. I #39;m with you all the way', 0, 'UCYcQtg5TxhaBprSw_X0Wfyw');

INSERT INTO channel VALUES ('UCPxtaraJAMgVqRTl6u6hrtQ', 'Niel Jhon', '07-APR-16', '', 0);

INSERT INTO video_comment VALUES ('UCBoANX4oFfAyGPjMSUFYrfQ', 'bxTy063e_EY', 'UgzxtnNuLPxYqvAcZjB4AaABAg', '31-MAR-19', 'Love this musicc', 0, 'UCPxtaraJAMgVqRTl6u6hrtQ');

INSERT INTO music_video VALUES ('UCBoANX4oFfAyGPjMSUFYrfQ', 'KdcPzDNHX74', 'LANY - Malibu Nights (Official Audio)', 'PT4M47S', '05-OCT-18', 'Listen to ''Malibu Nights'' - https://Lany.lnk.to/MalibuNightsID  Sign up to newsletter: http://thisislany.com/mailinglist  http://thisislany.com  Follow @thisislany #LANY #MalibuNights', 9691381, 68140, 1163);

INSERT INTO channel VALUES ('UCs-YW5Tz1ML-TngavUtKaUw', 'Silvia ARMY', '30-JAN-15', '', 5);

INSERT INTO video_comment VALUES ('UCBoANX4oFfAyGPjMSUFYrfQ', 'KdcPzDNHX74', 'UgxZOjajk_1iX8x0Mx54AaABAg', '01-MAY-19', 'jhope brought me here lol', 0, 'UCs-YW5Tz1ML-TngavUtKaUw');

INSERT INTO channel VALUES ('UCt5c8A2GgJVICWKN9fHZhRg', 'Raniel Labsang', '19-SEP-16', '', 0);

INSERT INTO video_comment VALUES ('UCBoANX4oFfAyGPjMSUFYrfQ', 'KdcPzDNHX74', 'UgwA1WEAV5oI3WUFGoF4AaABAg', '01-MAY-19', 'Philippines 😍', 0, 'UCt5c8A2GgJVICWKN9fHZhRg');

INSERT INTO channel VALUES ('UCcNP9uG3wv-AAfCqHzr_okw', 'Gessele Matute', '19-SEP-13', '', 2);

INSERT INTO video_comment VALUES ('UCBoANX4oFfAyGPjMSUFYrfQ', 'KdcPzDNHX74', 'UgyejbGRuUXx03b8PLt4AaABAg', '28-APR-19', 'It’s great that this song and the band have many fans in the Philippines, but is anyone gonna talk about how great this song is?? It’s a master piece, absolutely brilliant.', 0, 'UCcNP9uG3wv-AAfCqHzr_okw');

INSERT INTO channel VALUES ('UCeUox3cZl-qcXuvWVsP_BJg', 'chaeyoung park', '24-FEB-19', '', 0);

INSERT INTO video_comment VALUES ('UCBoANX4oFfAyGPjMSUFYrfQ', 'KdcPzDNHX74', 'UgySvPV3ZsWOiiORL894AaABAg', '24-APR-19', 'LANY x ROŚE COLLABBBBB', 0, 'UCeUox3cZl-qcXuvWVsP_BJg');

INSERT INTO playlist VALUES ('UCBoANX4oFfAyGPjMSUFYrfQ', 'PLTIQcWIkYnvmH4vgQZ67iQ-Ge7QA7zsvm', 'LANY Videos', '', 12);

INSERT INTO music_video VALUES ('UCX-OWRcv5AZFGoSFxVoiTYA', 'ZpUxgAXCK2E', 'LANY - Thick And Thin (Official Video)', 'PT4M39S', '04-FEB-19', 'LANY - Thick And Thin (Official Video)  Listen: https://Lany.lnk.to/ThickAndThinVD  LANY’s Second Album Malibu Nights Is Out Now: https://Lany.lnk.to/MalibuNightsVD  2019 World Tour Dates Here: https:', 5959487, 120117, 1187);

INSERT INTO playlist_videos VALUES ('UCBoANX4oFfAyGPjMSUFYrfQ', 'PLTIQcWIkYnvmH4vgQZ67iQ-Ge7QA7zsvm', 'ZpUxgAXCK2E', 'UCX-OWRcv5AZFGoSFxVoiTYA');

INSERT INTO music_video VALUES ('UCBoANX4oFfAyGPjMSUFYrfQ', 'gi5BPYuSLt4', 'LANY - Taking Me Back (Official Video)', 'PT3M24S', '15-NOV-18', 'LANY WORLD TOUR 2019 NOW ON SALE HERE: https://thisislany.com/TOUR  Listen to ''Malibu Nights'' - https://Lany.lnk.to/MalibuNightsID  Sign up to newsletter: http://thisislany.com/mailinglist  http://t', 1461683, 31952, 198);

INSERT INTO playlist_videos VALUES ('UCBoANX4oFfAyGPjMSUFYrfQ', 'PLTIQcWIkYnvmH4vgQZ67iQ-Ge7QA7zsvm', 'gi5BPYuSLt4', 'UCBoANX4oFfAyGPjMSUFYrfQ');

INSERT INTO music_video VALUES ('UCBoANX4oFfAyGPjMSUFYrfQ', 'g5xxhaKm1RQ', 'LANY - Malibu Nights (Official Video)', 'PT4M38S', '16-OCT-18', 'Listen to ''Malibu Nights'' - https://Lany.lnk.to/MalibuNightsID  Sign up to newsletter: http://thisislany.com/mailinglist  http://thisislany.com  Follow @thisislany #LANY #MalibuNights', 6258020, 163001, 1552);

INSERT INTO playlist_videos VALUES ('UCBoANX4oFfAyGPjMSUFYrfQ', 'PLTIQcWIkYnvmH4vgQZ67iQ-Ge7QA7zsvm', 'g5xxhaKm1RQ', 'UCBoANX4oFfAyGPjMSUFYrfQ');

INSERT INTO music_video VALUES ('UCX-OWRcv5AZFGoSFxVoiTYA', '-QgvP8K1b4I', 'LANY - Thru These Tears (Official Video)', 'PT3M31S', '02-AUG-18', 'LANY’s Second Album Malibu Nights Is Out Now: https://Lany.lnk.to/MalibuNightsVD  2019 World Tour Dates Here: https://Lany.lnk.to/TourVD  Listen to ''Thru These Tears'' - https://Lany.lnk.to/ThruThese', 8963606, 91794, 2161);

INSERT INTO playlist_videos VALUES ('UCBoANX4oFfAyGPjMSUFYrfQ', 'PLTIQcWIkYnvmH4vgQZ67iQ-Ge7QA7zsvm', '-QgvP8K1b4I', 'UCX-OWRcv5AZFGoSFxVoiTYA');

INSERT INTO music_video VALUES ('UCBoANX4oFfAyGPjMSUFYrfQ', 'h7GSGvSyAvo', 'LANY - If You See Her (lyric video)', 'PT3M5S', '01-OCT-18', 'Pre-Order ''Malibu Nights'' (released Oct 5th) now: https://preorder.thisislany.com/ (exclusive merch, bundles   music product)  ‘Malibu Nights’ will be released on October 5th.  LANY – If You See Her', 2247486, 45933, 391);

INSERT INTO playlist_videos VALUES ('UCBoANX4oFfAyGPjMSUFYrfQ', 'PLTIQcWIkYnvmH4vgQZ67iQ-Ge7QA7zsvm', 'h7GSGvSyAvo', 'UCBoANX4oFfAyGPjMSUFYrfQ');

INSERT INTO channel VALUES ('UCOjEHmBKwdS7joWpW0VrXkg', '21 Savage', '09-FEB-14', '21 Savage''s official channel! Subscribe for all music videos, behind the scenes and tour videos from 21 as they''ll drop here first.  Hailing from East Atlanta, GA, 21 gained attention with his 2015 ', 5784041);

INSERT INTO music_video VALUES ('UCOjEHmBKwdS7joWpW0VrXkg', 'WVPlKYRql7I', 'Stop the Deportation of She’yaa Bin Abraham-Joseph - 21 Savage', 'PT29S', '06-FEB-19', 'Why is this important?  The hundreds of ICE assaults and detention of Black immigrants is an endemic in the United States, and is too often carried out with the assistance of local law enforcement. On', 503312, 29939, 711);

INSERT INTO channel VALUES ('UCvECqhUMbh1Ff9UuVCAknyQ', 'PT SD', '14-JUL-14', 'I used to make super cringey videos...   My new and main account : https://www.youtube.com/channel/UC3ycS4TLKYj_TnKSv5YSPxw', 22);

INSERT INTO music_video VALUES ('UCvECqhUMbh1Ff9UuVCAknyQ', 'RhCujxo8gaA', 'DecidueyeGX premium collection box', 'PT10M20S', '04-JUL-17', '', 33, 1, 3);

INSERT INTO music_video VALUES ('UCvECqhUMbh1Ff9UuVCAknyQ', '65rVrfrYSA8', 'Cool kid', 'PT42S', '18-JUN-17', 'Death and gangster I''m not dumb I swear!', 69, 1, 1);

INSERT INTO music_video VALUES ('UCvECqhUMbh1Ff9UuVCAknyQ', 'vbi8fJYdYoI', 'Creepy video [cant explain]', 'PT59S', '18-MAR-17', 'So scary I saw (something) can''t explain what happened', 38, 0, 2);

INSERT INTO music_video VALUES ('UCvECqhUMbh1Ff9UuVCAknyQ', 'BPhhA-BiQpY', 'Super funny video MUST WATCH', 'PT1M20S', '09-JAN-17', 'This is my little sister she did something very cute and funny hope you like it!! Like comment and subscribe bye!', 29, 0, 1);

INSERT INTO music_video VALUES ('UCvECqhUMbh1Ff9UuVCAknyQ', 'GhFoppG4m7Q', 'K Abciximab battle', 'PT2M20S', '05-JAN-17', 'This isn''t my first battle video check out my friend K Abciximabs channel don''t forget to like comment and subscribe 😘', 33, 1, 0);

INSERT INTO channel VALUES ('UCMc_udNCbogsweA2o58knww', 'Fortnite Central', '28-JUN-14', 'Subscribe For More Dank Fortnite Videos (づ｡◕‿‿◕｡)づ', 829087);

INSERT INTO subscribes_to VALUES ('UCvECqhUMbh1Ff9UuVCAknyQ', 'UCMc_udNCbogsweA2o58knww');

INSERT INTO channel VALUES ('UCLM1eE8w_DZ89n4yIxVbffA', 'KackisHD', '29-MAR-12', 'The Ultimate Destination for High Quality Gameplay, Guides, Tips, Tricks, and Opinion! With a focus on Destiny 2! To support the Channel, check out my Official Merch: https://shop.bbtv.com/collections', 755366);

INSERT INTO subscribes_to VALUES ('UCvECqhUMbh1Ff9UuVCAknyQ', 'UCLM1eE8w_DZ89n4yIxVbffA');

INSERT INTO channel VALUES ('UCBPYbVBozsn7gjW4T0Ihhmw', 'Jason Grimes', '15-APR-14', '', 1927);

INSERT INTO subscribes_to VALUES ('UCvECqhUMbh1Ff9UuVCAknyQ', 'UCBPYbVBozsn7gjW4T0Ihhmw');

INSERT INTO channel VALUES ('UCmEZts66nKPymVHQv5ZSoBA', 'BAWSKEE TV', '03-NOV-17', '', 66120);

INSERT INTO subscribes_to VALUES ('UCvECqhUMbh1Ff9UuVCAknyQ', 'UCmEZts66nKPymVHQv5ZSoBA');

INSERT INTO channel VALUES ('UC0ifXd2AVf1LMYbqwB5GH4g', 'Polo G', '23-MAY-18', 'The Official YouTube Channel for Polo.G aka Mr. Do Too Much. Unsigned Chicago Artist.  "Die A Legend" The mixtape coming soon! Email:pologbookings@gmail.com IG:polo.capalot FB:Polo Capalot SC:polo.buc', 446990);

INSERT INTO subscribes_to VALUES ('UCvECqhUMbh1Ff9UuVCAknyQ', 'UC0ifXd2AVf1LMYbqwB5GH4g');

INSERT INTO video_comment VALUES ('UCOjEHmBKwdS7joWpW0VrXkg', 'WVPlKYRql7I', 'UgwEFrUlzZqk376i1pJ4AaABAg', '01-MAY-19', '<a href="http://www.youtube.com/results?search_query=%23free21savage">#free21savage</a>', 0, 'UCvECqhUMbh1Ff9UuVCAknyQ');

INSERT INTO channel VALUES ('UCRgJEgSOebHOP0i1XgMn5Bg', '-Yxng Tee-', '01-NOV-18', 'Aspiring rapper 💪  Subscribe for more heat!', 34);

INSERT INTO music_video VALUES ('UCRgJEgSOebHOP0i1XgMn5Bg', 'EfMHHVTPFNI', 'Lil Tee - John Wick (prod. Fly Melodies x Dvtchie)', 'PT2M13S', '02-APR-19', '-Like! 👍  -Subscribe! 🖤  -Share! 💪', 352, 14, 9);

INSERT INTO video_comment VALUES ('UCOjEHmBKwdS7joWpW0VrXkg', 'WVPlKYRql7I', 'UgyMnkU9wZlBKqgRrN94AaABAg', '29-APR-19', '<a href="http://www.youtube.com/results?search_query=%23Keep21Free">#Keep21Free</a>', 0, 'UCRgJEgSOebHOP0i1XgMn5Bg');

INSERT INTO channel VALUES ('UCcNz6xUp8EH_kh6qP5wL3TA', 'Vxire', '04-NOV-18', '', 0);

INSERT INTO music_video VALUES ('UCcNz6xUp8EH_kh6qP5wL3TA', 'ZKkq4ByCiPw', 'gard has khonys internet', 'PT2M46S', '15-FEB-19', '', 4, 1, 1);

INSERT INTO music_video VALUES ('UCcNz6xUp8EH_kh6qP5wL3TA', 'vRI1lrBQATg', 'Mercy', 'PT57S', '24-JAN-19', '', 1, 0, 0);

INSERT INTO music_video VALUES ('UCcNz6xUp8EH_kh6qP5wL3TA', 'amLry7CaeZw', 'im cool :(', 'PT32S', '08-DEC-18', '', 3, 1, 0);

INSERT INTO music_video VALUES ('UCcNz6xUp8EH_kh6qP5wL3TA', 'cm_eIiAEPWk', 'car update hurt my feelings :(', 'PT26S', '07-DEC-18', '', 2, 0, 0);

INSERT INTO music_video VALUES ('UCcNz6xUp8EH_kh6qP5wL3TA', 'zMWvQuZtLBY', 'ROBLOX NINJA 2019 BOI', 'PT33S', '16-NOV-18', '', 7, 1, 0);

INSERT INTO video_comment VALUES ('UCOjEHmBKwdS7joWpW0VrXkg', 'WVPlKYRql7I', 'Ugz2h6NuS0Q-5z8hO0x4AaABAg', '27-APR-19', 'You are in the United States of America illegally so.. you did commit a crime', 0, 'UCcNz6xUp8EH_kh6qP5wL3TA');

INSERT INTO channel VALUES ('UCMkMsAKJjnK-PLce6o7m2_g', 'JQBands35', '26-FEB-13', 'I''m a 8 year old rapper and check out my new album Your Boy Gettin hit I need a FAUMOS view if somebody DISS me I will DISS them back?!', 7);

INSERT INTO music_video VALUES ('UCMkMsAKJjnK-PLce6o7m2_g', 'PC_y1BnPQ48', 'Malaki Juice-Backwoods (Prod.by DJKronicbBeats)', 'PT2M32S', '19-APR-19', 'I Don’t Own This It’s Goes To The Owner Copyright This Intro Goes To Owen_sila', 33, 1, 0);

INSERT INTO music_video VALUES ('UCMkMsAKJjnK-PLce6o7m2_g', 'eaOXFk15jyI', 'GTA San Andreas (Gampley-1 (Min)', 'PT2M', '11-MAR-19', 'Description: Next Is Drive-By)', 12, 1, 2);

INSERT INTO music_video VALUES ('UCMkMsAKJjnK-PLce6o7m2_g', 'wpPZr4mIATI', 'SML Movie: DRAW MY LIFE  [Video] @SuperMarioLogan #SML', 'PT4M', '15-FEB-19', 'I Didn’t Own This SuperMarioLogan @SuperMarioLogan Own This?!)*', 33, 2, 1);

INSERT INTO music_video VALUES ('UCMkMsAKJjnK-PLce6o7m2_g', 'qcxzF5Qp7vo', 'Pass Out By DontClick (SoundCloud Version) (Dirty Version)/Official Music', 'PT1M55S', '13-FEB-19', 'Pass Out Was The 2018? Song Of SoundCloud Rapper Dontclick', 19, 1, 1);

INSERT INTO music_video VALUES ('UCMkMsAKJjnK-PLce6o7m2_g', 'flgdTb8pv18', 'DontClick-Passout (pr0d.Izak) (Dirty Version) (Official Song) #SahBabii', 'PT1M55S', '13-FEB-19', 'Pass out Next By: Sababii Pull Up Wit Ah Stick!?*)', 10, 1, 0);

INSERT INTO video_comment VALUES ('UCOjEHmBKwdS7joWpW0VrXkg', 'WVPlKYRql7I', 'UgzyE0UI5irsz20S4x54AaABAg', '26-APR-19', '<a href="http://www.youtube.com/results?search_query=%2321savage">#21savage</a> <a href="http://www.youtube.com/results?search_query=%234l">#4l</a> <a href="http://www.youtube.com/results?search_query', 0, 'UCMkMsAKJjnK-PLce6o7m2_g');

INSERT INTO music_video VALUES ('UCOjEHmBKwdS7joWpW0VrXkg', '_X_3vIw-t20', '21 Savage - Motel 21 (Video Recap)', 'PT3M19S', '23-JAN-19', 'Watch the video recap of what went down at 21 Savage''s interactive pop-up, Motel 21.  Subscribe to 21 Savage''s official channel for exclusive music videos and behind the scenes footage: http://bit.l', 1068577, 34674, 471);

INSERT INTO channel VALUES ('UCsEPbU5Rqlv4QuoNem1-LSQ', 'Kirri Broughton', '27-DEC-17', '', 0);

INSERT INTO video_comment VALUES ('UCOjEHmBKwdS7joWpW0VrXkg', '_X_3vIw-t20', 'Ugxz50jktDZOHuulAgt4AaABAg', '16-APR-19', 'boss song', 0, 'UCsEPbU5Rqlv4QuoNem1-LSQ');

INSERT INTO channel VALUES ('UCKF1SiV3cCqBSGVyOnGZs8Q', 'Nick Nunez', '21-MAR-19', '', 0);

INSERT INTO video_comment VALUES ('UCOjEHmBKwdS7joWpW0VrXkg', '_X_3vIw-t20', 'UgzXnJoQOpbgMcQvS-J4AaABAg', '02-APR-19', 'The song in the beginning?', 0, 'UCKF1SiV3cCqBSGVyOnGZs8Q');

INSERT INTO channel VALUES ('UC-crIOWJer7P25RSe7ncQNw', 'LittleMeYT', '27-DEC-12', 'Welcome To LittleMeYT''s Channel! I Post Gaming Video each day or maybe.... Hit the Subscribe and like button to be LittleMeYT''s Chicken Chop Fan!  About myself I Post on LittleMeYT, LittleAloneYT an', 571);

INSERT INTO music_video VALUES ('UC-crIOWJer7P25RSe7ncQNw', 'Jfpj7tYHj-Y', 'Roblox The Rake Classic Edition | Any Last Words?', 'PT19M32S', '06-APR-19', 'Sorry for not being active! It is because i am extremely busy doing with my projek. But i am also Exploring about The Rake! Since there''s no update, i will not upload a video about The Rake. When The', 1402, 61, 1);

INSERT INTO music_video VALUES ('UC-crIOWJer7P25RSe7ncQNw', 'C6CRztu3eQg', 'Interviewing My Fellow Youtubers ( Gone Weird )', 'PT14M24S', '23-MAR-19', 'Ok, Im just going to make this because those Youtubers actually helped me alot! So i decided to thank them back ( For my Fan )  If you watching this my fellow Friends youtubers, Im hoping you guys can', 205, 17, 0);

INSERT INTO music_video VALUES ('UC-crIOWJer7P25RSe7ncQNw', 'RZH898VxoaE', 'Roblox The Rake Classic Edition | Searching the Flare Gun! ( EXTREME HARD )', 'PT21M43S', '01-MAR-19', 'Wow! Now this is a real game! You Can''t no longer buy Stun Stick and UV lights at Shop, you will need Compass. Then, you will need to go to Base Camp. After that, There''s will be a paper each day on', 10066, 107, 5);

INSERT INTO music_video VALUES ('UC-crIOWJer7P25RSe7ncQNw', 'L3-OMvEMNM8', 'Minecraft Hardcore Episode 2 | Building a house (uncut)', 'PT17M34S', '15-FEB-19', 'yay, can we hit 6 likes? since this video is just building so i wanna show how i farm and others. that''s all bye :D   Version : Minecraft Version 1.12 Screen Recorder: Bandicam Edit: NONE', 129, 8, 0);

INSERT INTO music_video VALUES ('UC-crIOWJer7P25RSe7ncQNw', 'VEYv85SHod8', 'Roblox The Rake Classic Edition | SUPER RARE CHANCE!', 'PT4M2S', '09-FEB-19', 'Yep, Super rare chance! it almost hard to get Power on while blood hour is on. SUPER RARE!  Game : https://web.roblox.com/games/2413927524/THE-RAKE-Classic-Edition-1-0-8d#!/about  Pretty much rake can', 1011, 24, 1);

INSERT INTO video_comment VALUES ('UCOjEHmBKwdS7joWpW0VrXkg', '_X_3vIw-t20', 'Ugzw94u_RDOhDA7mSiZ4AaABAg', '06-MAR-19', 'Flamingo was here at <a href="https://www.youtube.com/watch?v=_X_3vIw-t20 amp;t=1m10s">1:10</a>', 1, 'UC-crIOWJer7P25RSe7ncQNw');

INSERT INTO channel VALUES ('UCaJYbXBmrK5L2MB_lKhNsfg', 'BenDanger 2213', '30-OCT-17', '', 18);

INSERT INTO music_video VALUES ('UCaJYbXBmrK5L2MB_lKhNsfg', 'nLxEAl3oUPE', 'DBS BROLY AMV - RIC FLAIR DRIP', 'PT3M24S', '11-MAR-19', 'Happy 70th birthday Nature Boy Ric Flair!   WOOOOOOOOO!  (Reupload for copyright reasons)    Song name: 21 Savage, Offset, Metro Boomin'' - Ric Flair Drip Video from: Dragon Ball Super - Broly movie  ', 3, 1, 0);

INSERT INTO music_video VALUES ('UCaJYbXBmrK5L2MB_lKhNsfg', 'q6cpXeZwtdI', 'Poor Gingy...', 'PT34S', '19-FEB-19', 'LazarBeam gets F''d hard   Video from: LazarBeam  Song name: The Lion Sleeps tonight earrape  (Can someone do me a favor and show this to our dad LazarBeam? Anyone who does it will get a shoutout) P.S', 34, 5, 0);

INSERT INTO channel VALUES ('UCeqbjSwfYl6heKVhSsij4qw', 'postboxpat', '13-JUL-12', 'Currently Producing Daily Fortnite content. Code - "Postboxpat" in the Item Shop!  Welcome to my YouTube channel.  My name is Pat, posty or postboxpat, you can call me either. I am 19 Years Old and ha', 352527);

INSERT INTO subscribes_to VALUES ('UCaJYbXBmrK5L2MB_lKhNsfg', 'UCeqbjSwfYl6heKVhSsij4qw');

INSERT INTO channel VALUES ('UCZyxY8Q7xgUCXfFViWkjrSw', 'Ceeday', '26-OCT-14', 'Daily Funny/Epic Gaming Moments', 6059072);

INSERT INTO subscribes_to VALUES ('UCaJYbXBmrK5L2MB_lKhNsfg', 'UCZyxY8Q7xgUCXfFViWkjrSw');

INSERT INTO channel VALUES ('UC6HDXr-sNPnWLF_Q-y3KduA', 'Chess Talk', '20-FEB-17', 'Hi Friends, Welcome to Chess Talk! I''m Jeetendra Advani from Mumbai, India. This channel is designed to provide training on various aspects of chess like openings, gambits, strategies, tactics, game ', 268896);

INSERT INTO subscribes_to VALUES ('UCaJYbXBmrK5L2MB_lKhNsfg', 'UC6HDXr-sNPnWLF_Q-y3KduA');

INSERT INTO channel VALUES ('UCRyS4kYdsaGcuFczzCjFXag', 'verbalase', '19-MAY-06', 'Verbal ASE (aka Adym S. Evans) – Beatboxer | Vocal DJ | Vocal Loop Artist | Animation Voice-Over Artist | Voice Impressionist | Vocal SFX.    Verbal Ase – modern one-man band and vocal SFX wizard – co', 1247887);

INSERT INTO subscribes_to VALUES ('UCaJYbXBmrK5L2MB_lKhNsfg', 'UCRyS4kYdsaGcuFczzCjFXag');

INSERT INTO channel VALUES ('UCp1AdynFojb-WMTFG6KTcsg', 'ART INSIDER', '31-JAN-18', 'INSIDER is great journalism about what passionate people actually want to know. That’s everything from news to food, celebrity to science, politics to sports and all the rest. It’s smart. It’s fearles', 235090);

INSERT INTO subscribes_to VALUES ('UCaJYbXBmrK5L2MB_lKhNsfg', 'UCp1AdynFojb-WMTFG6KTcsg');

INSERT INTO video_comment VALUES ('UCOjEHmBKwdS7joWpW0VrXkg', '_X_3vIw-t20', 'Ugzz2vIENy76vKDlput4AaABAg', '26-FEB-19', '99% of comments: 21 from UK memes<br />1% 2019 AnyOnE?', 0, 'UCaJYbXBmrK5L2MB_lKhNsfg');

INSERT INTO music_video VALUES ('UCOjEHmBKwdS7joWpW0VrXkg', 'KCSGXv04Syc', '21 Savage - Out For The Night Pt 2 (Official Audio)', 'PT3M56S', '24-DEC-18', 'Listen to the official audio of "Out For The Night Pt 2" by 21 Savage.  Subscribe to 21 Savage''s official channel for exclusive music videos and behind the scenes footage: http://bit.ly/Subscribe-to-', 3253052, 57499, 944);

INSERT INTO channel VALUES ('UCQX5TicdCOnZi6NOC77Umeg', 'TheFirstRock', '04-OCT-18', '', 0);

INSERT INTO video_comment VALUES ('UCOjEHmBKwdS7joWpW0VrXkg', 'KCSGXv04Syc', 'UgxhWWUzAPcH4jQ2WBR4AaABAg', '30-APR-19', 'Give her back shots  #39;til her back hurt (Back shots)<br />Thumb through the money  #39;til my hands hurt (Cash out)<br />Wanna go on a date? You gotta dance first (Yah, yah)<br />Take it to the pai', 0, 'UCQX5TicdCOnZi6NOC77Umeg');

INSERT INTO channel VALUES ('UC8N2cBmnXBGihk38kIp0kPw', 'YungTroll', '29-JUL-13', '', 3);

INSERT INTO video_comment VALUES ('UCOjEHmBKwdS7joWpW0VrXkg', 'KCSGXv04Syc', 'Ugwb_oqmad9x9htMuhN4AaABAg', '30-APR-19', '“pardon my lateness, this beat hittin #39;, slap<br />After take one, then just run this shit back” it’s so basic yet cool af.', 0, 'UC8N2cBmnXBGihk38kIp0kPw');

INSERT INTO channel VALUES ('UCrKpNDdrdbKl1NsDKNDQ-SA', 'אופק אמרה', '13-JUL-17', '', 0);

INSERT INTO video_comment VALUES ('UCOjEHmBKwdS7joWpW0VrXkg', 'KCSGXv04Syc', 'Ugx-TfEjYhPp4bEpOQ14AaABAg', '29-APR-19', 'Travis Scott dammmmmmm', 0, 'UCrKpNDdrdbKl1NsDKNDQ-SA');

INSERT INTO channel VALUES ('UCxlgM62dN3dN9SqtKYsgbfQ', 'IX PYRO XI', '09-MAR-14', '', 202);

INSERT INTO music_video VALUES ('UCxlgM62dN3dN9SqtKYsgbfQ', '4bx2qKV4zHY', 'CvC vs Fake Trillest Games', 'PT3M13S', '13-JAN-18', 'SHAREfactory™ https://store.playstation.com/#!/en-us/tid=CUSA00572_00', 301, 10, 6);

INSERT INTO music_video VALUES ('UCxlgM62dN3dN9SqtKYsgbfQ', '0GS5lb0RP5s', 'Rip KloneTV (Face exposed)', 'PT28S', '10-NOV-17', 'rip   SHAREfactory™ https://store.playstation.com/#!/en-us/tid=CUSA00572_00', 770, 18, 18);

INSERT INTO music_video VALUES ('UCxlgM62dN3dN9SqtKYsgbfQ', 'y2teSDvYtdg', 'Friendly 1v1 with JordanVGaming', 'PT5M2S', '02-OCT-17', '', 326, 11, 2);

INSERT INTO music_video VALUES ('UCxlgM62dN3dN9SqtKYsgbfQ', 'FHtU9ozlfIY', 'Freemode Clips 😈😈😈', 'PT2M15S', '05-SEP-17', 'Songs: Runnin through the 7th with my woadies https://youtu.be/bfb2cOyisx8 Link to the edit at the intro', 265, 12, 0);

INSERT INTO music_video VALUES ('UCxlgM62dN3dN9SqtKYsgbfQ', 'OTrEaSkVL-s', 'New Modded account showcase', 'PT2M4S', '02-AUG-17', 'SHAREfactory™ https://store.playstation.com/#!/en-us/tid=CUSA00572_00', 286, 11, 3);

INSERT INTO video_comment VALUES ('UCOjEHmBKwdS7joWpW0VrXkg', 'KCSGXv04Syc', 'Ugx7Uw8E0B97-d5B6wt4AaABAg', '29-APR-19', 'Sampled samba pa ti by Carlos Santana', 0, 'UCxlgM62dN3dN9SqtKYsgbfQ');

INSERT INTO music_video VALUES ('UCOjEHmBKwdS7joWpW0VrXkg', 'VbrEsOLu75c', '21 Savage - A Lot (Official Audio)', 'PT4M49S', '21-DEC-18', 'Listen to the official audio of "A Lot" by 21 Savage.  Subscribe to 21 Savage''s official channel for exclusive music videos and behind the scenes footage: http://bit.ly/Subscribe-to-21Savage  Follow ', 41359778, 451126, 16863);

INSERT INTO channel VALUES ('UCJXGB5CXWNHfvJw7uuUWnUg', 'Okanx ARSLAN', '02-JAN-18', '', 15);

INSERT INTO video_comment VALUES ('UCOjEHmBKwdS7joWpW0VrXkg', 'VbrEsOLu75c', 'UgxOXvGpgcEgbLCABH54AaABAg', '01-MAY-19', 'Türk yokmu❌', 0, 'UCJXGB5CXWNHfvJw7uuUWnUg');

INSERT INTO channel VALUES ('UCR7Jtgp49xif4yxeO2O6r9Q', 'lenora laroche', '09-APR-19', '', 0);

INSERT INTO channel VALUES ('UC9YcTIQuhwgoOQqYMKYqW9A', 'Migos ATL', '17-JAN-12', 'C U L T U R E 2 Available Everywhere https://migos.lnk.to/Culture2', 8667325);

INSERT INTO subscribes_to VALUES ('UCR7Jtgp49xif4yxeO2O6r9Q', 'UC9YcTIQuhwgoOQqYMKYqW9A');

INSERT INTO channel VALUES ('UC2SfCLE_jQgPwXQCWqwVIEw', 'DatPiff', '10-OCT-13', 'DatPiff :: The Mixtape Authority (Since 2005) The LARGEST digital archive of mixtapes in the world.    Download the DatPiff App: www.DatPiff.com/apps', 1178380);

INSERT INTO subscribes_to VALUES ('UCR7Jtgp49xif4yxeO2O6r9Q', 'UC2SfCLE_jQgPwXQCWqwVIEw');

INSERT INTO channel VALUES ('UCMKv9a5OeqElzuWy1WOR0kA', 'City Girls', '06-AUG-18', 'City Girls, Quality Control Music''s newest signees from Miami, Florida.', 579907);

INSERT INTO subscribes_to VALUES ('UCR7Jtgp49xif4yxeO2O6r9Q', 'UCMKv9a5OeqElzuWy1WOR0kA');

INSERT INTO channel VALUES ('UC0Y_sqUCwG9MFzC5alwrmkg', 'SUPREME VINES', '26-MAY-17', '70k 💎 100k👑 Videos and beat dropping soon 🔥🔥🤘🤘', 194902);

INSERT INTO subscribes_to VALUES ('UCR7Jtgp49xif4yxeO2O6r9Q', 'UC0Y_sqUCwG9MFzC5alwrmkg');

INSERT INTO channel VALUES ('UCTWm02t-F0pOPhmOnI7u4gg', 'Jazz and Tae', '07-AUG-13', 'Jazz   Tae❤️ Challenges, Pranks, StoryTimes,   Vlogs🤘🏽 #JTSQUAD', 3316529);

INSERT INTO subscribes_to VALUES ('UCR7Jtgp49xif4yxeO2O6r9Q', 'UCTWm02t-F0pOPhmOnI7u4gg');

INSERT INTO video_comment VALUES ('UCOjEHmBKwdS7joWpW0VrXkg', 'VbrEsOLu75c', 'UgzNnN4e_1rAIlvDQwZ4AaABAg', '01-MAY-19', 'a lot how many time u got shoot a lot how many nigga #39;s u shoot a lot go on head 21 Savage', 1, 'UCR7Jtgp49xif4yxeO2O6r9Q');

INSERT INTO channel VALUES ('UCmRfERTP6erDCz92hKwNLGA', 'CapitalBib', '01-JAN-17', '', 11);

INSERT INTO video_comment VALUES ('UCOjEHmBKwdS7joWpW0VrXkg', 'VbrEsOLu75c', 'UgzSlxmiAr-dzSYaNjh4AaABAg', '01-MAY-19', '<a href="https://www.youtube.com/watch?v=VbrEsOLu75c amp;t=1m08s">1:08</a> - YEET!', 0, 'UCmRfERTP6erDCz92hKwNLGA');

INSERT INTO channel VALUES ('UC9KqYyA9zold8IXFOjmLbSg', 'Shy Williams', '04-MAR-19', '', 0);

INSERT INTO video_comment VALUES ('UCOjEHmBKwdS7joWpW0VrXkg', 'VbrEsOLu75c', 'UgzgQXbBj0FKixjtMx14AaABAg', '01-MAY-19', 'Groovy', 0, 'UC9KqYyA9zold8IXFOjmLbSg');

INSERT INTO music_video VALUES ('UCOjEHmBKwdS7joWpW0VrXkg', 'RdmrS0jOIbg', '21 Savage - Letter 2 My Momma (Official Audio)', 'PT3M15S', '21-DEC-18', 'Listen to the official audio of "Letter 2 My Momma" by 21 Savage.  Subscribe to 21 Savage''s official channel for exclusive music videos and behind the scenes footage: http://bit.ly/Subscribe-to-21Sav', 2779075, 45048, 651);

INSERT INTO channel VALUES ('UCjCxxryQw9ca9z7Bo70n28A', 'Yanke Level', '05-NOV-18', '', 0);

INSERT INTO video_comment VALUES ('UCOjEHmBKwdS7joWpW0VrXkg', 'RdmrS0jOIbg', 'Ugw28XoXHjeWmbi2X0F4AaABAg', '01-MAY-19', 'Momma are de best💪', 1, 'UCjCxxryQw9ca9z7Bo70n28A');

INSERT INTO channel VALUES ('UCckB-_-P_SaFb8cZHdddnYA', 'kunaiq6', '30-OCT-17', '', 2);

INSERT INTO music_video VALUES ('UCckB-_-P_SaFb8cZHdddnYA', 'Xp3bGpYyfnA', 'For Honer gameplay -April fools edition', 'PT34M35S', '01-APR-19', '', 3, 0, 0);

INSERT INTO music_video VALUES ('UCckB-_-P_SaFb8cZHdddnYA', 'mfFw2KgT4M4', 'Broncos fan gets blounged he had a pump', 'PT1M1S', '11-NOV-18', 'I liv in denver   Fortnite https://store.playstation.com/#!/en-us/tid=CUSA07022_00', 11, 1, 0);

INSERT INTO music_video VALUES ('UCckB-_-P_SaFb8cZHdddnYA', 'NSBsOW9pR20', 'Hunting ducks 1', 'PT51S', '05-NOV-18', 'Fortnite https://store.playstation.com/#!/en-us/tid=CUSA07022_00', 10, 1, 0);

INSERT INTO music_video VALUES ('UCckB-_-P_SaFb8cZHdddnYA', '08x6x6LRx8I', 'Blacklight', 'PT40M25S', '16-JUL-18', '', 6, 0, 0);

INSERT INTO music_video VALUES ('UCckB-_-P_SaFb8cZHdddnYA', 'k4tCYvAHdlQ', 'TheShowgon live', 'PT1H1M45S', '12-JUL-18', '', 13, 1, 0);

INSERT INTO video_comment VALUES ('UCOjEHmBKwdS7joWpW0VrXkg', 'RdmrS0jOIbg', 'Ugwz6JZV0_ByBjw2LtV4AaABAg', '01-MAY-19', 'The only song that almost made me cry', 0, 'UCckB-_-P_SaFb8cZHdddnYA');

INSERT INTO video_comment VALUES ('UCOjEHmBKwdS7joWpW0VrXkg', 'RdmrS0jOIbg', 'UgyU8t6FO7Z07gO-ApJ4AaABAg', '01-MAY-19', 'The only song that almost made me cry', 0, 'UCckB-_-P_SaFb8cZHdddnYA');

INSERT INTO channel VALUES ('UCynnBDoMV78ROklXUQVMsHA', 'Psy Fc', '29-DEC-14', 'Je joue sur ps4 pour ce qu’il veulent jouer avec moi mon psn et Zeldadu92240 ajouter moi et mon epic et Gratful54 je joue avec tout le monde MES RESAUX snap:kellvviinnn_13 Insta:kelvin13  Objectif d’a', 282);

INSERT INTO music_video VALUES ('UCynnBDoMV78ROklXUQVMsHA', '-u92L7bK7do', 'JE RENTRE OFFICIELLEMENT R4G CLAN FORTNITE ( cherche team maintenant ;)', 'PT1M8S', '01-MAY-19', 'SHAREfactory™ https://store.playstation.com/#!/fr-fr/tid=CUSA00572_00', 31, 2, 0);

INSERT INTO music_video VALUES ('UCynnBDoMV78ROklXUQVMsHA', 'T-XvzAWSq9c', 'Je montre mon LEVEL en BUILDS et EDITS (je cherche une TEAM fortnite ) AP3 , ara , g4b ...', 'PT3M58S', '15-APR-19', 'SHAREfactory™ https://store.playstation.com/#!/fr-fr/tid=CUSA00572_00', 114, 7, 1);

INSERT INTO music_video VALUES ('UCynnBDoMV78ROklXUQVMsHA', 'n55AfDm44-w', 'Je TROLL un NOOB sur Fortnite Battle royal (reaction incroyable )', 'PT12M59S', '11-APR-19', 'SHAREfactory™ https://store.playstation.com/#!/fr-fr/tid=CUSA00572_00', 67, 13, 1);

INSERT INTO music_video VALUES ('UCynnBDoMV78ROklXUQVMsHA', 'WQfE_8Ord74', 'TOP 1/20 KILL sur fortnite battle royal en SOLO!!', 'PT8M31S', '27-FEB-19', 'SHAREfactory™ https://store.playstation.com/#!/fr-fr/tid=CUSA00572_00', 69, 2, 1);

INSERT INTO music_video VALUES ('UCynnBDoMV78ROklXUQVMsHA', 'Q7PGZDvtTDY', 'Best of Karma/BAMBINO PAR 4/lol/fail', 'PT1M13S', '29-JAN-19', 'SHAREfactory™ https://store.playstation.com/#!/fr-fr/tid=CUSA00572_00', 32, 4, 1);

INSERT INTO video_comment VALUES ('UCOjEHmBKwdS7joWpW0VrXkg', 'RdmrS0jOIbg', 'Ugw4jPRJMgVXY-KUn2Z4AaABAg', '30-APR-19', 'I love 21 this is a very good singer', 0, 'UCynnBDoMV78ROklXUQVMsHA');

INSERT INTO playlist VALUES ('UCOjEHmBKwdS7joWpW0VrXkg', 'PLC1uUM4twa8hZ6WfcwCXLQPGfb2bT0Pdz', '21 Savage - I Am I Was', 'Check out 21 Savage''s latest project, I Am I Was.', 16);

INSERT INTO music_video VALUES ('UCOjEHmBKwdS7joWpW0VrXkg', 'VbrEsOLu75c', '21 Savage - A Lot (Official Audio)', 'PT4M49S', '21-DEC-18', 'Listen to the official audio of "A Lot" by 21 Savage.  Subscribe to 21 Savage''s official channel for exclusive music videos and behind the scenes footage: http://bit.ly/Subscribe-to-21Savage  Follow ', 41359778, 451128, 16863);

INSERT INTO playlist_videos VALUES ('UCOjEHmBKwdS7joWpW0VrXkg', 'PLC1uUM4twa8hZ6WfcwCXLQPGfb2bT0Pdz', 'VbrEsOLu75c', 'UCOjEHmBKwdS7joWpW0VrXkg');

INSERT INTO music_video VALUES ('UCOjEHmBKwdS7joWpW0VrXkg', 'whxKTWgG1ds', '21 Savage - Break Da Law (Official Audio)', 'PT2M58S', '21-DEC-18', 'Listen to the official audio of "Break Da Law" by 21 Savage.  Subscribe to 21 Savage''s official channel for exclusive music videos and behind the scenes footage: http://bit.ly/Subscribe-to-21Savage  ', 4420620, 57908, 1284);

INSERT INTO playlist_videos VALUES ('UCOjEHmBKwdS7joWpW0VrXkg', 'PLC1uUM4twa8hZ6WfcwCXLQPGfb2bT0Pdz', 'whxKTWgG1ds', 'UCOjEHmBKwdS7joWpW0VrXkg');

INSERT INTO music_video VALUES ('UCOjEHmBKwdS7joWpW0VrXkg', 'zYE7Y0xNgLc', '21 Savage - A T (Official Audio)', 'PT3M32S', '21-DEC-18', 'Listen to the official audio of "A T" by 21 Savage.  Subscribe to 21 Savage''s official channel for exclusive music videos and behind the scenes footage: http://bit.ly/Subscribe-to-21Savage  Follow 21', 2931657, 40915, 1430);

INSERT INTO playlist_videos VALUES ('UCOjEHmBKwdS7joWpW0VrXkg', 'PLC1uUM4twa8hZ6WfcwCXLQPGfb2bT0Pdz', 'zYE7Y0xNgLc', 'UCOjEHmBKwdS7joWpW0VrXkg');

INSERT INTO music_video VALUES ('UCOjEHmBKwdS7joWpW0VrXkg', 'QoNfxQxx4BY', '21 Savage - Out For The Night (Official Audio)', 'PT2M18S', '21-DEC-18', 'Listen to the official audio of "Out For The Night" by 21 Savage.  Subscribe to 21 Savage''s official channel for exclusive music videos and behind the scenes footage: http://bit.ly/Subscribe-to-21Sav', 2396048, 40374, 593);

INSERT INTO playlist_videos VALUES ('UCOjEHmBKwdS7joWpW0VrXkg', 'PLC1uUM4twa8hZ6WfcwCXLQPGfb2bT0Pdz', 'QoNfxQxx4BY', 'UCOjEHmBKwdS7joWpW0VrXkg');

INSERT INTO music_video VALUES ('UCOjEHmBKwdS7joWpW0VrXkg', 'HdgsbpNlJyM', '21 Savage - Gun Smoke (Official Audio)', 'PT2M48S', '21-DEC-18', 'Listen to the official audio of "Gun Smoke" by 21 Savage.  Subscribe to 21 Savage''s official channel for exclusive music videos and behind the scenes footage: http://bit.ly/Subscribe-to-21Savage  Fol', 5273462, 63077, 1239);

INSERT INTO playlist_videos VALUES ('UCOjEHmBKwdS7joWpW0VrXkg', 'PLC1uUM4twa8hZ6WfcwCXLQPGfb2bT0Pdz', 'HdgsbpNlJyM', 'UCOjEHmBKwdS7joWpW0VrXkg');

INSERT INTO playlist VALUES ('UCOjEHmBKwdS7joWpW0VrXkg', 'PLC1uUM4twa8i6zsD_Sn1LRUq4vhl_PLCx', '21 Savage, Offset   Metro Boomin - Without Warning', 'Listen to 21 Savage, Offset   Metro Boomin''s ''Without Warning'' project feat Quavo   Travis Scott.  Buy/Stream ''Without Warning''  http://smarturl.it/WithoutWarning', 10);

INSERT INTO music_video VALUES ('UCOjEHmBKwdS7joWpW0VrXkg', 'bmc890o0yYY', '21 Savage, Offset   Metro Boomin - "Ghostface Killers" Ft Travis Scott (Official Audio)', 'PT4M29S', '31-OCT-17', 'Listen to the official audio of "Ghostface Killers" by 21 Savage, Offset and Metro Boomin feat Travis Scott.  Buy/Stream "Without Warning" http://smarturl.it/WithoutWarning  Subscribe to 21 Savage''s ', 36700916, 294753, 11241);

INSERT INTO playlist_videos VALUES ('UCOjEHmBKwdS7joWpW0VrXkg', 'PLC1uUM4twa8i6zsD_Sn1LRUq4vhl_PLCx', 'bmc890o0yYY', 'UCOjEHmBKwdS7joWpW0VrXkg');

INSERT INTO music_video VALUES ('UCOjEHmBKwdS7joWpW0VrXkg', 'LK9rgGmrH7I', '21 Savage, Offset   Metro Boomin - "Rap Saved Me" Ft Quavo (Official Audio)', 'PT4M18S', '31-OCT-17', 'Listen to the official audio of "Rap Saved Me" by 21 Savage, Offset and Metro Boomin feat Quavo.  Buy/Stream "Without Warning" http://smarturl.it/WithoutWarning  Subscribe to 21 Savage''s official cha', 22449756, 179332, 6844);

INSERT INTO playlist_videos VALUES ('UCOjEHmBKwdS7joWpW0VrXkg', 'PLC1uUM4twa8i6zsD_Sn1LRUq4vhl_PLCx', 'LK9rgGmrH7I', 'UCOjEHmBKwdS7joWpW0VrXkg');

INSERT INTO music_video VALUES ('UCOjEHmBKwdS7joWpW0VrXkg', 'OwbI9IY9Roo', 'Offset   Metro Boomin  - "Ric Flair Drip" (Official Audio)', 'PT2M53S', '31-OCT-17', 'Listen to the official audio of "Ric Flair Drip" by Offset   Metro Boomin.  Buy/Stream "Without Warning" http://smarturl.it/WithoutWarning  Subscribe to 21 Savage''s official channel for exclusive mus', 122313785, 698672, 36295);

INSERT INTO playlist_videos VALUES ('UCOjEHmBKwdS7joWpW0VrXkg', 'PLC1uUM4twa8i6zsD_Sn1LRUq4vhl_PLCx', 'OwbI9IY9Roo', 'UCOjEHmBKwdS7joWpW0VrXkg');

INSERT INTO music_video VALUES ('UCOjEHmBKwdS7joWpW0VrXkg', 'EBxb33-8Ysc', '21 Savage   Metro Boomin - "My Choppa Hate N****s" (Official Audio)', 'PT2M29S', '31-OCT-17', 'Listen to the official audio of "My Choppa Hate N****s" by 21 Savage   Metro Boomin.  Buy/Stream "Without Warning" http://smarturl.it/WithoutWarning  Subscribe to 21 Savage''s official channel for exc', 8815089, 88927, 2723);

INSERT INTO playlist_videos VALUES ('UCOjEHmBKwdS7joWpW0VrXkg', 'PLC1uUM4twa8i6zsD_Sn1LRUq4vhl_PLCx', 'EBxb33-8Ysc', 'UCOjEHmBKwdS7joWpW0VrXkg');

INSERT INTO music_video VALUES ('UCOjEHmBKwdS7joWpW0VrXkg', 'PYmpeqjJRM4', 'Offset   Metro Boomin - "Nightmare" (Official Audio)', 'PT2M28S', '31-OCT-17', 'Listen to the official audio of "Nightmare" by Offset   Metro Boomin.  Buy/Stream "Without Warning" http://smarturl.it/WithoutWarning  Subscribe to 21 Savage''s official channel for exclusive music vi', 3758383, 40865, 1024);

INSERT INTO playlist_videos VALUES ('UCOjEHmBKwdS7joWpW0VrXkg', 'PLC1uUM4twa8i6zsD_Sn1LRUq4vhl_PLCx', 'PYmpeqjJRM4', 'UCOjEHmBKwdS7joWpW0VrXkg');

INSERT INTO playlist VALUES ('UCOjEHmBKwdS7joWpW0VrXkg', 'PLC1uUM4twa8ihGXl3a3hEC7baryJ5kU9_', '21 Savage - Issa Album', 'Listen to the official audio of 21 Savage''s ''Issa Album'' featuring Young Thug, and production from Metro Boomin, Southside, DJ Mustard, Pi''erre Bourne, and Wheezy.', 15);

INSERT INTO music_video VALUES ('UCOjEHmBKwdS7joWpW0VrXkg', 'djscsRpjGc4', '21 Savage - Famous (Official Audio)', 'PT3M55S', '31-JUL-17', 'Listen to the official audio of “Famous” by 21 Savage, produced by Metro Boomin   Zaytoven.  Stream "Issa Album" https://itunes.apple.com/us/album/issa-album/id1254351754 https://open.spotify.com/albu', 5196673, 46816, 1652);

INSERT INTO playlist_videos VALUES ('UCOjEHmBKwdS7joWpW0VrXkg', 'PLC1uUM4twa8ihGXl3a3hEC7baryJ5kU9_', 'djscsRpjGc4', 'UCOjEHmBKwdS7joWpW0VrXkg');

INSERT INTO music_video VALUES ('UCOjEHmBKwdS7joWpW0VrXkg', 'sV2t3tW_JTQ', '21 Savage - Bank Account (Official Audio)', 'PT3M41S', '07-JUL-17', 'Listen to the official audio of “Bank Account” by 21 Savage.  Stream "Issa Album" https://itunes.apple.com/us/album/issa-album/id1254351754 https://open.spotify.com/album/4skCiJhVVSKrDOBtoFbsxU  Liste', 263280882, 1674095, 80541);

INSERT INTO playlist_videos VALUES ('UCOjEHmBKwdS7joWpW0VrXkg', 'PLC1uUM4twa8ihGXl3a3hEC7baryJ5kU9_', 'sV2t3tW_JTQ', 'UCOjEHmBKwdS7joWpW0VrXkg');

INSERT INTO music_video VALUES ('UCOjEHmBKwdS7joWpW0VrXkg', 'AaZEFEOUkVg', '21 Savage - Close My Eyes (Official Audio)', 'PT4M53S', '07-JUL-17', 'Listen to the official audio of “Close My Eyes” by 21 Savage, produced by Metro Boomin.  Stream "Issa Album" https://itunes.apple.com/us/album/issa-album/id1254351754 https://open.spotify.com/album/4s', 4442825, 42084, 1444);

INSERT INTO playlist_videos VALUES ('UCOjEHmBKwdS7joWpW0VrXkg', 'PLC1uUM4twa8ihGXl3a3hEC7baryJ5kU9_', 'AaZEFEOUkVg', 'UCOjEHmBKwdS7joWpW0VrXkg');

INSERT INTO music_video VALUES ('UCOjEHmBKwdS7joWpW0VrXkg', 'P1WclURKfXY', '21 Savage - Bad Business (Official Audio)', 'PT2M43S', '31-JUL-17', 'Listen to the official audio of “Bad Business” by 21 Savage, produced by Southside.  Stream "Issa Album" https://itunes.apple.com/us/album/issa-album/id1254351754 https://open.spotify.com/album/4skCiJ', 7685054, 62085, 2667);

INSERT INTO playlist_videos VALUES ('UCOjEHmBKwdS7joWpW0VrXkg', 'PLC1uUM4twa8ihGXl3a3hEC7baryJ5kU9_', 'P1WclURKfXY', 'UCOjEHmBKwdS7joWpW0VrXkg');

INSERT INTO music_video VALUES ('UCOjEHmBKwdS7joWpW0VrXkg', '9Jk-7vGvhno', '21 Savage - Baby Girl (Official Audio)', 'PT2M50S', '07-JUL-17', 'Listen to the official audio of "Baby Girl" by 21 Savage, produced by Pierre Bourne.   Stream "Issa Album" https://itunes.apple.com/us/album/issa-album/id1254351754 https://open.spotify.com/album/4skC', 2229065, 24630, 678);

INSERT INTO playlist_videos VALUES ('UCOjEHmBKwdS7joWpW0VrXkg', 'PLC1uUM4twa8ihGXl3a3hEC7baryJ5kU9_', '9Jk-7vGvhno', 'UCOjEHmBKwdS7joWpW0VrXkg');

INSERT INTO playlist VALUES ('UCOjEHmBKwdS7joWpW0VrXkg', 'PLC1uUM4twa8iICXLtrAYbLGlbON_apX04', '21 Savage   Metro Boomin - Savage Mode', 'Listen to 21 Savage   Metro Boomin''s ''Savage Mode'' project.  Buy Savage Mode on iTunes: http://apple.co/29IA3B0', 9);

INSERT INTO music_video VALUES ('UCOjEHmBKwdS7joWpW0VrXkg', '0o4lgv5Bag4', '21 Savage   Metro Boomin - No Advance (Official Audio)', 'PT4M37S', '15-JUL-16', 'Listen to “No Advance" by 21 Savage produced by Metro Boomin off the ''Savage Mode'' project.  Stream ''Savage Mode'' on YouTube: http://bit.ly/SavageModeStream  Purchase ''Savage Mode on iTunes: http', 9076175, 69695, 2919);

INSERT INTO playlist_videos VALUES ('UCOjEHmBKwdS7joWpW0VrXkg', 'PLC1uUM4twa8iICXLtrAYbLGlbON_apX04', '0o4lgv5Bag4', 'UCOjEHmBKwdS7joWpW0VrXkg');

INSERT INTO music_video VALUES ('UCOjEHmBKwdS7joWpW0VrXkg', 'DbGc9OFMRp4', '21 Savage   Metro Boomin - No Heart (Official Audio)', 'PT3M56S', '15-JUL-16', 'Listen to “No Heart" by 21 Savage produced by Metro Boomin   Southside off the ''Savage Mode'' project.  Stream ''Savage Mode'' on YouTube: http://bit.ly/SavageModeStream  Purchase ''Savage Mode on iT', 33672991, 239450, 10824);

INSERT INTO playlist_videos VALUES ('UCOjEHmBKwdS7joWpW0VrXkg', 'PLC1uUM4twa8iICXLtrAYbLGlbON_apX04', 'DbGc9OFMRp4', 'UCOjEHmBKwdS7joWpW0VrXkg');

INSERT INTO music_video VALUES ('UCOjEHmBKwdS7joWpW0VrXkg', 'szKxAdvlCCM', '21 Savage   Metro Boomin - X ft Future (Official Audio)', 'PT4M19S', '15-JUL-16', 'Listen to “X" by 21 Savage ft Future produced by Metro Boomin   21 Savage off the ''Savage Mode'' project.  Stream ''Savage Mode'' on YouTube: http://bit.ly/SavageModeStream  Purchase ''Savage Mode on', 61520357, 438828, 21709);

INSERT INTO playlist_videos VALUES ('UCOjEHmBKwdS7joWpW0VrXkg', 'PLC1uUM4twa8iICXLtrAYbLGlbON_apX04', 'szKxAdvlCCM', 'UCOjEHmBKwdS7joWpW0VrXkg');

INSERT INTO music_video VALUES ('UCOjEHmBKwdS7joWpW0VrXkg', 'XGlkEmr72FE', '21 Savage   Metro Boomin - Savage Mode (Official Audio)', 'PT4M10S', '15-JUL-16', 'Listen to “Savage Mode" by 21 Savage produced by Metro Boomin off the ''Savage Mode'' project.  Stream ''Savage Mode'' on YouTube: http://bit.ly/SavageModeStream  Purchase ''Savage Mode on iTunes: htt', 10293821, 84958, 2938);

INSERT INTO playlist_videos VALUES ('UCOjEHmBKwdS7joWpW0VrXkg', 'PLC1uUM4twa8iICXLtrAYbLGlbON_apX04', 'XGlkEmr72FE', 'UCOjEHmBKwdS7joWpW0VrXkg');

INSERT INTO music_video VALUES ('UCOjEHmBKwdS7joWpW0VrXkg', 'LpzK0rY13Eo', '21 Savage   Metro Boomin - Bad Guy (Official Audio)', 'PT2M50S', '15-JUL-16', 'Listen to “Bad Guy" by 21 Savage produced by Metro Boomin   Sonny Digital off the ''Savage Mode'' project.  Stream ''Savage Mode'' on YouTube: http://bit.ly/SavageModeStream  Purchase ''Savage Mode on', 1738146, 15675, 460);

INSERT INTO playlist_videos VALUES ('UCOjEHmBKwdS7joWpW0VrXkg', 'PLC1uUM4twa8iICXLtrAYbLGlbON_apX04', 'LpzK0rY13Eo', 'UCOjEHmBKwdS7joWpW0VrXkg');

INSERT INTO playlist VALUES ('UCOjEHmBKwdS7joWpW0VrXkg', 'PLC1uUM4twa8jX2ZqtqcRtyGbJmqgUbMtD', '21 Savage - Slaughter King (Full Mixtape)', 'Listen to 21 Savage''s ''Slaughter King'' mixtape featuring production from Metro Boomin, Sonny Digital, Zaytoven and more.  Buy Slaughter King on iTunes: https://itun.es/us/-PaBcb', 14);

INSERT INTO music_video VALUES ('UCOjEHmBKwdS7joWpW0VrXkg', '_KIzJt0BW1U', '21 Savage - Lord Forgive', 'PT4M3S', '26-MAY-16', 'Listen to "Lord Forgive" by 21 Savage off the "Slaughter King" mixtape.  Buy Slaughter King on iTunes: https://itun.es/us/-PaBcb   Listen to "Slaughter King" in full on YouTube http://bit.ly/Slaughter', 2896685, 25790, 1115);

INSERT INTO playlist_videos VALUES ('UCOjEHmBKwdS7joWpW0VrXkg', 'PLC1uUM4twa8jX2ZqtqcRtyGbJmqgUbMtD', '_KIzJt0BW1U', 'UCOjEHmBKwdS7joWpW0VrXkg');

INSERT INTO music_video VALUES ('UCOjEHmBKwdS7joWpW0VrXkg', 'U4jc5LOHhE8', '21 Savage - Dirty K ft Lotto Savage', 'PT3M16S', '31-MAY-16', 'Listen to "Dirty K" by 21 Savage ft Lotto Savage off the "Slaughter King" mixtape.   Buy Slaughter King on iTunes: https://itun.es/us/-PaBcb   Listen to "Slaughter King" in full on YouTube http://bit.', 6178946, 7758, 650);

INSERT INTO playlist_videos VALUES ('UCOjEHmBKwdS7joWpW0VrXkg', 'PLC1uUM4twa8jX2ZqtqcRtyGbJmqgUbMtD', 'U4jc5LOHhE8', 'UCOjEHmBKwdS7joWpW0VrXkg');

INSERT INTO music_video VALUES ('UCOjEHmBKwdS7joWpW0VrXkg', 'wzNpen-rg0Y', '21 Savage - Front Door (Prod By Will A Fool)', 'PT3M4S', '02-JUN-16', 'Listen to “Front Door" by 21 Savage and produced by Will A Fool off the "Slaughter King" mixtape.  Buy Slaughter King on iTunes: https://itun.es/us/-PaBcb   Listen to "Slaughter King" in full on YouTu', 7653027, 7961, 891);

INSERT INTO playlist_videos VALUES ('UCOjEHmBKwdS7joWpW0VrXkg', 'PLC1uUM4twa8jX2ZqtqcRtyGbJmqgUbMtD', 'wzNpen-rg0Y', 'UCOjEHmBKwdS7joWpW0VrXkg');

INSERT INTO music_video VALUES ('UCOjEHmBKwdS7joWpW0VrXkg', 'z7o7XApPbGw', '21 Savage - Wow (Prod by Sonny Digital)', 'PT3M56S', '07-JUN-16', 'Listen to “Wow" by 21 Savage and produced by Sonny Digital off the "Slaughter King" mixtape.  Buy Slaughter King on iTunes: https://itun.es/us/-PaBcb   Listen to "Slaughter King" in full on YouTube ht', 11201685, 18674, 1765);

INSERT INTO playlist_videos VALUES ('UCOjEHmBKwdS7joWpW0VrXkg', 'PLC1uUM4twa8jX2ZqtqcRtyGbJmqgUbMtD', 'z7o7XApPbGw', 'UCOjEHmBKwdS7joWpW0VrXkg');

INSERT INTO music_video VALUES ('UCOjEHmBKwdS7joWpW0VrXkg', 'I_czx1wGnOg', '21 Savage - Slime ft Young Nudy', 'PT3M54S', '09-JUN-16', 'Listen to “Slime" by 21 Savage ft Young Nudy off the "Slaughter King" mixtape.  Buy Slaughter King on iTunes: https://itun.es/us/-PaBcb   Listen to "Slaughter King" in full on YouTube http://bit.ly/Sl', 6794567, 9269, 751);

INSERT INTO playlist_videos VALUES ('UCOjEHmBKwdS7joWpW0VrXkg', 'PLC1uUM4twa8jX2ZqtqcRtyGbJmqgUbMtD', 'I_czx1wGnOg', 'UCOjEHmBKwdS7joWpW0VrXkg');

INSERT INTO channel VALUES ('UCBQZwaNPFfJ1gZ1fLZpAEGw', 'twenty one pilots', '05-SEP-09', 'welcome to the official twenty one pilots YouTube channel.    stay strong. live on. pass on these songs.   subscribe for more official content from twenty one pilots: https://top.lnk.to/subscribe', 8995872);

INSERT INTO music_video VALUES ('UCBQZwaNPFfJ1gZ1fLZpAEGw', 'EakqTDyo0Yw', 'twenty one pilots - Banditø Tour: Episode Six', 'PT6M35S', '21-MAR-19', 'The official behind the scenes footage of twenty one pilots'' Banditø Tour: Episode Six.  the album TRENCH, available now on Fueled By Ramen.  http://top.lnk.to/trench  Exclusive TRENCH merch bundles:', 393842, 48862, 286);

INSERT INTO channel VALUES ('UCXwgGBUYVwQHNjsy-ZbpPlQ', 'Héctor Javier Rodríguez', '20-JUL-17', 'Hey, it''s me, I actually do not know what to do, I think I''ll do lyric videos, I hope you will enjoy', 8);

INSERT INTO video_comment VALUES ('UCBQZwaNPFfJ1gZ1fLZpAEGw', 'EakqTDyo0Yw', 'Ugyb92_rMF7OM7M8fQR4AaABAg', '01-MAY-19', 'Hey you must makr an episode when you come to México (well toda is Monterrey concert)  quot;o si no les lanzo la chancla', 1, 'UCXwgGBUYVwQHNjsy-ZbpPlQ');

INSERT INTO channel VALUES ('UC13NM8F7cqEMUz_yJN5Xv8Q', 'Sara Gilbert', '04-DEC-17', '', 0);

INSERT INTO video_comment VALUES ('UCBQZwaNPFfJ1gZ1fLZpAEGw', 'EakqTDyo0Yw', 'UgyAiudfEt7wV3bR5mh4AaABAg', '01-MAY-19', '17 days left until I get to see them live my dream since I was 9', 0, 'UC13NM8F7cqEMUz_yJN5Xv8Q');

INSERT INTO channel VALUES ('UCIILd0z0SFHjlKLkiJhpxzQ', 'Anette Guznam', '10-MAY-17', '', 0);

INSERT INTO video_comment VALUES ('UCBQZwaNPFfJ1gZ1fLZpAEGw', 'EakqTDyo0Yw', 'UgyoK-Wthee3FMDxmfR4AaABAg', '27-APR-19', 'Kemocion ya faltan 5 días para el concierto aquí en México: #39;)', 0, 'UCIILd0z0SFHjlKLkiJhpxzQ');

INSERT INTO channel VALUES ('UC6twSzjASLcwpecMs4FcFUg', 'Lone Wolf', '13-FEB-19', 'Hi I’m a human.', 7);

INSERT INTO music_video VALUES ('UC6twSzjASLcwpecMs4FcFUg', 'np5ZTJoycIg', 'BLOXWATCH FRIENDED ME *NOT CLICKBAIT*read desc.', 'PT51S', '31-MAR-19', 'Wow his name was red when he chatted in bloxwatch and I told him I was a hacker *I am* and I wouldn’t shut up and so he said “if u shut up I’ll friend you” so, I did then left the game and filmed this', 11, 2, 0);

INSERT INTO music_video VALUES ('UC6twSzjASLcwpecMs4FcFUg', 'brzf4g79ZQ0', 'Pranking my Grandpa', 'PT26M42S', '31-MAR-19', '', 8, 3, 0);

INSERT INTO music_video VALUES ('UC6twSzjASLcwpecMs4FcFUg', 's9Mf70X7iVw', 'Bearded Dragons Live DONT MIND MY SISTER YELLING', 'PT14M1S', '20-FEB-19', '', 37, 2, 1);

INSERT INTO music_video VALUES ('UC6twSzjASLcwpecMs4FcFUg', 'FUVS1y67cIU', 'SMOKE OMG 😮', 'PT10S', '16-FEB-19', '', 24, 2, 0);

INSERT INTO music_video VALUES ('UC6twSzjASLcwpecMs4FcFUg', 'sxQQmAbkXCU', 'Why', 'PT12S', '16-FEB-19', '', 10, 1, 0);

INSERT INTO video_comment VALUES ('UCBQZwaNPFfJ1gZ1fLZpAEGw', 'EakqTDyo0Yw', 'UgzIgkU9Hsfmf66JWl94AaABAg', '27-APR-19', 'Were Texas ?', 0, 'UC6twSzjASLcwpecMs4FcFUg');

INSERT INTO music_video VALUES ('UCBQZwaNPFfJ1gZ1fLZpAEGw', 'qTtc5PbHiD0', 'twenty one pilots - Banditø Tour: Episode Five', 'PT5M13S', '28-FEB-19', 'The official behind the scenes footage of twenty one pilots'' Banditø Tour: Episode Five.  the album TRENCH, available now on Fueled By Ramen.  http://top.lnk.to/trench  Exclusive TRENCH merch bundles', 635958, 54428, 197);

INSERT INTO channel VALUES ('UCTvPCeJA12VypuJ-kgunCuQ', 'Caramel Waffle', '27-JUL-13', 'Hi', 25);

INSERT INTO music_video VALUES ('UCTvPCeJA12VypuJ-kgunCuQ', 'CRuLsfyiZg4', 'Expectations vs Reality BLOOPERS', 'PT46S', '22-DEC-18', 'Hi expectations vs reality is just a random video that my friends came up with and i compiled the bloopers so yeee                                     I baked you a pie🥧            OH BOY wut flavooo', 19, 2, 0);

INSERT INTO music_video VALUES ('UCTvPCeJA12VypuJ-kgunCuQ', 'ZxilB4StY44', 'EXPECTATION vs REALITY', 'PT43S', '21-DEC-18', '', 19, 2, 2);

INSERT INTO music_video VALUES ('UCTvPCeJA12VypuJ-kgunCuQ', 'eu6M4l6yroU', 'Slimee', 'PT16S', '11-JUN-18', '', 22, 0, 0);

INSERT INTO music_video VALUES ('UCTvPCeJA12VypuJ-kgunCuQ', '3fxhtIykDYg', 'Musical.ly', 'PT16S', '20-OCT-17', 'Check out my musical.ly: @calm_angela14', 30, 1, 0);

INSERT INTO music_video VALUES ('UCTvPCeJA12VypuJ-kgunCuQ', 'fNGbDcndzxY', 'Musically😊', 'PT16S', '02-AUG-17', 'Check out this musical.ly', 37, 1, 0);

INSERT INTO video_comment VALUES ('UCBQZwaNPFfJ1gZ1fLZpAEGw', 'qTtc5PbHiD0', 'Ugw40K8j0mXqaYgetbN4AaABAg', '27-APR-19', '<a href="https://www.youtube.com/watch?v=qTtc5PbHiD0 amp;t=0m14s">0:14</a> awwwww that smile thoooo<br /><br /><br /><br /><br /><br /><br /><br /><b>uwu</b> sry', 0, 'UCTvPCeJA12VypuJ-kgunCuQ');

INSERT INTO channel VALUES ('UC1mpBOBwgbb1j2xnnDl4O8g', 'rhaenna_clique ll-//', '02-MAR-18', '', 15);

INSERT INTO music_video VALUES ('UC1mpBOBwgbb1j2xnnDl4O8g', 'eu1_N5U51cw', 'My Obsession?', 'PT3M6S', '05-APR-19', 'Soooooooooooo :/  Lol Idk Some shit I guess.  Have any of you had a weird obsession? Plz tell me so I don''t feel like a dumb ass ://////', 11, 4, 0);

INSERT INTO music_video VALUES ('UC1mpBOBwgbb1j2xnnDl4O8g', 'Bk0BwStKOu0', 'Welcome?', 'PT4M6S', '15-FEB-19', 'Created with WeVideo Video Editor (http://www.wevideo.com). Download Android App at http://bit.ly/10xf4Ec', 33, 5, 0);

INSERT INTO video_comment VALUES ('UCBQZwaNPFfJ1gZ1fLZpAEGw', 'qTtc5PbHiD0', 'Ugxb3FnvXoZxlaG9tEF4AaABAg', '23-APR-19', 'Mad Dad Tyler is scary.<br />But I enjoy it', 1, 'UC1mpBOBwgbb1j2xnnDl4O8g');

INSERT INTO channel VALUES ('UCePsILuM1xdyQNdMuSo1cbw', 'Majka Tomiczek', '06-AUG-18', '', 0);

INSERT INTO video_comment VALUES ('UCBQZwaNPFfJ1gZ1fLZpAEGw', 'qTtc5PbHiD0', 'UgzfdEWHkxjCp8GiiOl4AaABAg', '22-APR-19', 'ok, but where #39;s Poland? we are a little discriminated against. Im sad, we sad. it really hurts. we love you.Greetings from Poland                                          STAY ALIVE |-/', 1, 'UCePsILuM1xdyQNdMuSo1cbw');

INSERT INTO channel VALUES ('UC6MqhWokBVBNNZ3WjTmroHg', 'Delia Martin', '29-SEP-16', '', 0);

INSERT INTO video_comment VALUES ('UCBQZwaNPFfJ1gZ1fLZpAEGw', 'qTtc5PbHiD0', 'UgyxnK6pURvg1jwQUtR4AaABAg', '19-APR-19', 'low key mad that my show didn #39;t get chlorine with ted', 0, 'UC6MqhWokBVBNNZ3WjTmroHg');

INSERT INTO music_video VALUES ('UCBQZwaNPFfJ1gZ1fLZpAEGw', 'LBJmPnPrEKc', 'twenty one pilots - Banditø Tour: Episode Four', 'PT5M11S', '15-FEB-19', 'The official behind the scenes footage of twenty one pilots'' Banditø Tour: Episode Four.  the album TRENCH, available now on Fueled By Ramen.  http://top.lnk.to/trench  Exclusive TRENCH merch bundles', 830761, 79590, 385);

INSERT INTO channel VALUES ('UCFwyQNdRFhowRQAeN6kgrRA', 'Продажная Плюшка', '02-SEP-18', '', 1);

INSERT INTO video_comment VALUES ('UCBQZwaNPFfJ1gZ1fLZpAEGw', 'LBJmPnPrEKc', 'UgxTwnMposYXOGKFjb14AaABAg', '28-APR-19', 'Блин, тоже хочется на их концерт)', 1, 'UCFwyQNdRFhowRQAeN6kgrRA');

INSERT INTO video_comment VALUES ('UCBQZwaNPFfJ1gZ1fLZpAEGw', 'LBJmPnPrEKc', 'UgxZbvSxT4KA8tfraft4AaABAg', '27-APR-19', 'O my gawd snow ned is adorable', 0, 'UCTvPCeJA12VypuJ-kgunCuQ');

INSERT INTO channel VALUES ('UC7NoZTgo9K2A1SI6rt2D5Og', 'Charlotte Russell', '04-SEP-16', '', 19);

INSERT INTO music_video VALUES ('UC7NoZTgo9K2A1SI6rt2D5Og', '24ZeYswA36Q', 'Charlotte Russell Live Stream', 'PT20M47S', '10-AUG-18', 'I do not own the music.  Listen to it in the links below  Nico and the Niners https://www.youtube.com/watch?v=hMAPyGoqQVw  Levitate - twenty one pilots https://www.youtube.com/watch?v=uv_1AKKKJnk  Lan', 19, 0, 0);

INSERT INTO music_video VALUES ('UC7NoZTgo9K2A1SI6rt2D5Og', 'tsj1m4Opekc', 'Markiplier saying the TUUMP in Hearts and Heros', 'PT4M24S', '30-APR-18', 'Original video: https://www.youtube.com/watch?v=VhN5vrJLWgA t=131s  Song at the end: https://www.youtube.com/watch?v=i9KyBbGb5H0', 46, 8, 0);

INSERT INTO music_video VALUES ('UC7NoZTgo9K2A1SI6rt2D5Og', 'QTtqy91fMGY', 'I went in to Officeworks and came out with puns', 'PT2M18S', '27-NOV-17', '', 111, 3, 0);

INSERT INTO music_video VALUES ('UC7NoZTgo9K2A1SI6rt2D5Og', 'Q8mWfa1ggKM', 'My Stranger Things Parody Reaction Video', 'PT7M53S', '23-OCT-17', '#StrangerThingsParody   Here his my reaction to the AMAZING HillyWood Parody', 54, 0, 0);

INSERT INTO music_video VALUES ('UC7NoZTgo9K2A1SI6rt2D5Og', 'KgqWEJUF5xY', 'Try not to laugh - Twenty One Pilots edition', 'PT15M30S', '17-AUG-17', 'Origianl videos: https://www.youtube.com/watch?v=hpRgxe_rDrY https://www.youtube.com/watch?v=7BCGoB-0KVg  Social media: Facebook: https://www.facebook.com/Charlotterussell1234/?ref=aymt_homepage_panel', 78, 1, 0);

INSERT INTO channel VALUES ('UClq42foiSgl7sSpLupnugGA', 'DONG', '02-SEP-15', 'Subscribe for Wacky Gifts, Amazing Apps, and The Best of the Internet.  D.O.N.G. launched in October 2015 and is powered by Vsauce.  ************************************************************­***  D', 1524648);

INSERT INTO subscribes_to VALUES ('UC7NoZTgo9K2A1SI6rt2D5Og', 'UClq42foiSgl7sSpLupnugGA');

INSERT INTO channel VALUES ('UC7_YxT-KID8kRbqZo7MyscQ', 'Markiplier', '26-MAY-12', 'Welcome to Markiplier! Here you''ll find some hilarious gaming videos, original comedy sketches, animated parodies, and other bits of entertainment! If this sounds like your kind of channel then pleas', 23739752);

INSERT INTO subscribes_to VALUES ('UC7NoZTgo9K2A1SI6rt2D5Og', 'UC7_YxT-KID8kRbqZo7MyscQ');

INSERT INTO channel VALUES ('UCU8JJqKH0JCyr8T_THGKSaQ', 'Thomas Sanders and Friends', '22-SEP-18', '', 216268);

INSERT INTO subscribes_to VALUES ('UC7NoZTgo9K2A1SI6rt2D5Og', 'UCU8JJqKH0JCyr8T_THGKSaQ');

INSERT INTO channel VALUES ('UCh7EqOZt7EvO2osuKbIlpGg', 'Lachlan', '19-MAR-13', 'Hey There!  The name''s Lachlan, and welcome to my Youtube Channel!  Here I play a bunch of video games including Fortnite (Just kidding its pretty much Fortnite)  Minecraft Account Username: Lachlan ', 11648232);

INSERT INTO subscribes_to VALUES ('UC7NoZTgo9K2A1SI6rt2D5Og', 'UCh7EqOZt7EvO2osuKbIlpGg');

INSERT INTO channel VALUES ('UCwmFOfFuvRPI112vR5DNnrA', 'Vsauce3', '24-DEC-10', 'Fictional Worlds are Amazing  Vsauce3 launched in September 2012 and is run by Jake Roper  ***************************************************************  Vsauce is...  Michael Stevens: Producer/Host', 3635937);

INSERT INTO subscribes_to VALUES ('UC7NoZTgo9K2A1SI6rt2D5Og', 'UCwmFOfFuvRPI112vR5DNnrA');

INSERT INTO video_comment VALUES ('UCBQZwaNPFfJ1gZ1fLZpAEGw', 'LBJmPnPrEKc', 'UgyNaao1ZKeSEy1mls14AaABAg', '22-APR-19', 'It is confirmed Tyler and Josh hate Australia and New Zealand.', 0, 'UC7NoZTgo9K2A1SI6rt2D5Og');

INSERT INTO channel VALUES ('UCyFa1I-U0blTWeqM22DiZ0A', 'Kokichi Ouma', '26-MAR-15', '*but that’s kaede’s lie isn’t it*', 13);

INSERT INTO music_video VALUES ('UCyFa1I-U0blTWeqM22DiZ0A', 'pJwjBzcrf78', '⚠️ Late ⚠️ Happy Birthday Angie', 'PT15S', '19-APR-19', 'I’m so sorry this is late ❗️', 9, 2, 0);

INSERT INTO music_video VALUES ('UCyFa1I-U0blTWeqM22DiZ0A', 'XkqLOEJdqds', 'Kokichi 5 Shots Deep Edit', 'PT20S', '13-APR-19', '', 79, 4, 0);

INSERT INTO music_video VALUES ('UCyFa1I-U0blTWeqM22DiZ0A', 'TvyvXEveDtc', 'Meteorite meme || I’m improving || Enjoy 😊', 'PT29S', '18-MAR-19', '', 32, 2, 0);

INSERT INTO music_video VALUES ('UCyFa1I-U0blTWeqM22DiZ0A', 'g8R2ZcGq2nU', 'Wii Tennis Meme 🎾 (ft. My OC)', 'PT25S', '16-MAR-19', 'Hi    Bye', 24, 3, 0);

INSERT INTO music_video VALUES ('UCyFa1I-U0blTWeqM22DiZ0A', 'yCxg_KzrnAA', 'Emma Chamberlain Edit [Mine]', 'PT9S', '21-FEB-19', 'I have nothing        BYEEEEEE ~ Kali', 32, 3, 0);

INSERT INTO channel VALUES ('UCc-K3QRhp7FeYJc4NEa74rw', 'kokichi hehe', '09-OCT-15', 'the theme of my channel doesn’t make sense because i never make sense hahaha', 117);

INSERT INTO subscribes_to VALUES ('UCyFa1I-U0blTWeqM22DiZ0A', 'UCc-K3QRhp7FeYJc4NEa74rw');

INSERT INTO channel VALUES ('UCG1o5erj6E9UUyKPJnVLeIw', 'ღmitshuna chanღ', '21-AUG-17', 'English: Hi! welcome to my channel! I only publish memes or glmv [More spoilers or other things like that] I hope you like it!  Español: Hola! Bienvenidos a mi canal! yo solo subire memes o glmv (mas ', 3627);

INSERT INTO subscribes_to VALUES ('UCyFa1I-U0blTWeqM22DiZ0A', 'UCG1o5erj6E9UUyKPJnVLeIw');

INSERT INTO channel VALUES ('UCvob6OyQUlrTepVoYI5avzQ', 'joseph Dunlap', '18-NOV-18', '', 1);

INSERT INTO subscribes_to VALUES ('UCyFa1I-U0blTWeqM22DiZ0A', 'UCvob6OyQUlrTepVoYI5avzQ');

INSERT INTO channel VALUES ('UCYK1TyKyMxyDQU8c6zF8ltg', 'Funny Pet Videos', '29-OCT-14', 'Welcome to Funny Pet Videos, a channel dedicated to cute, fluffy cats and curious, rambunctious dogs. We are here to fill your life with more furry and funny things the adorable friends in our lives d', 459475);

INSERT INTO subscribes_to VALUES ('UCyFa1I-U0blTWeqM22DiZ0A', 'UCYK1TyKyMxyDQU8c6zF8ltg');

INSERT INTO channel VALUES ('UCM2b1779-qgYd6_OluJfMIw', 'Sushi SnipeZ', '09-JAN-16', 'I really don’t know I just like sniping', 12);

INSERT INTO subscribes_to VALUES ('UCyFa1I-U0blTWeqM22DiZ0A', 'UCM2b1779-qgYd6_OluJfMIw');

INSERT INTO video_comment VALUES ('UCBQZwaNPFfJ1gZ1fLZpAEGw', 'LBJmPnPrEKc', 'UgzypyDCbHBWybW77I14AaABAg', '15-APR-19', 'I can’t wait for when you go to Pittsburgh I might be going', 0, 'UCyFa1I-U0blTWeqM22DiZ0A');

INSERT INTO music_video VALUES ('UCBQZwaNPFfJ1gZ1fLZpAEGw', 'eJnQBXmZ7Ek', 'twenty one pilots - Chlorine (Official Video)', 'PT5M24S', '23-JAN-19', 'official video for "Chlorine" from the album ''TRENCH'' - available now on Fueled By Ramen.   http://top.lnk.to/trench  Banditø Tour get tickets at http://twentyonepilots.com/banditotour  MAY 1 Monter', 99407650, 1736918, 29322);

INSERT INTO channel VALUES ('UC6XcdFcHeRqYWq2Fn29FN8g', 'Aiden Dippo', '17-AUG-17', '', 0);

INSERT INTO video_comment VALUES ('UCBQZwaNPFfJ1gZ1fLZpAEGw', 'eJnQBXmZ7Ek', 'UgyRMNOf3VGIMCLZglZ4AaABAg', '01-MAY-19', 'I never hear this on the radio but I still listen to it when I do my homework : )', 0, 'UC6XcdFcHeRqYWq2Fn29FN8g');

INSERT INTO channel VALUES ('UCDBNTLkKzmZpSDIjbqiYnaA', 'Lola Suzuya', '22-MAY-17', 'II-//', 52);

INSERT INTO music_video VALUES ('UCDBNTLkKzmZpSDIjbqiYnaA', 'XdASakq8rV4', 'elon musk hosts meme review', 'PT10S', '23-FEB-19', 'elon musk laughs at dead deer  subscribe to pewdiepie: https://www.youtube.com/user/PewDiePie meme review: https://www.youtube.com/watch?v=zpWYQ1YtgnI t=7s yoshi island song: https://www.youtube.com/w', 1077, 15, 2);

INSERT INTO music_video VALUES ('UCDBNTLkKzmZpSDIjbqiYnaA', 'E_VM9qqcI-Y', 'what if i''m the monster but it''s Pewdiepie', 'PT4S', '07-JAN-19', 'Subscribe to Pewdiepie. https://www.youtube.com/user/PewDiePie', 705, 49, 0);

INSERT INTO video_comment VALUES ('UCBQZwaNPFfJ1gZ1fLZpAEGw', 'eJnQBXmZ7Ek', 'UgyvsOMtiPrrcwXtQEl4AaABAg', '01-MAY-19', '100 million let #39;s gooo', 1, 'UCDBNTLkKzmZpSDIjbqiYnaA');

INSERT INTO channel VALUES ('UCgqo7oinq7IudHulr1JvWew', 'Giovana Gabriely', '08-DEC-18', '', 0);

INSERT INTO music_video VALUES ('UCgqo7oinq7IudHulr1JvWew', 'S_K1T_cilkQ', 'Amiga falsa💔', 'PT1M15S', '31-JAN-19', '', 10, 1, 1);

INSERT INTO video_comment VALUES ('UCBQZwaNPFfJ1gZ1fLZpAEGw', 'eJnQBXmZ7Ek', 'UgySsHdyMn7Up_lQWK54AaABAg', '01-MAY-19', 'Só eu sou do Brasil aqui mds😂,haha amooo twenty ♥️', 0, 'UCgqo7oinq7IudHulr1JvWew');

INSERT INTO channel VALUES ('UCP7f9vkjlGY9-7fSNa2nZkw', 'Anna Sakura', '03-JUN-14', 'Привет меня зовут Аня! На этом канале ты можешь увидеть разные игры.  От Sims Mobil до Sandbaх. Подписываеся и ставим лайки, приятного просмотра!😏  Я забыла сказать! Я в ВК https://vk.com/achernyshev', 63);

INSERT INTO music_video VALUES ('UCP7f9vkjlGY9-7fSNa2nZkw', 'O385N0cdWwA', 'Я вернулась (почти)', 'PT1M44S', '22-AUG-18', 'Мой ВК-https://vk.com/achernysheva2018', 29, 2, 0);

INSERT INTO music_video VALUES ('UCP7f9vkjlGY9-7fSNa2nZkw', 'RH4Vv36Syfo', 'Коннор 2.0', 'PT13S', '10-AUG-18', 'Я вернулась', 21, 1, 0);

INSERT INTO music_video VALUES ('UCP7f9vkjlGY9-7fSNa2nZkw', '9fNIkZ5rYyk', 'Спойлер нового видио ждите!', 'PT5S', '05-JUL-18', '', 27, 2, 0);

INSERT INTO music_video VALUES ('UCP7f9vkjlGY9-7fSNa2nZkw', 'mL_fJB0hpHs', 'Мое интро канала (читайте описание)', 'PT4S', '03-JUL-18', 'Я сделаю вам интро за голоса в ВК зависит от сложности и простаты интро по всем вопросам интро в Мой ВК -https://vk.com/id464970922  Ребят обязательно пишите свой канал', 21, 1, 0);

INSERT INTO music_video VALUES ('UCP7f9vkjlGY9-7fSNa2nZkw', 'bHFufwR9oAA', 'Подпишись за субтитрры😏', 'PT15S', '13-JUN-18', 'Записано с помощью Screen Recorder для Android ----------------------------------------------------------------------- Канал подруги Настиhttps://www.youtube.com/channel/UC9bXhhfvqUqRXEHepdQTerg -----', 18, 3, 0);

INSERT INTO video_comment VALUES ('UCBQZwaNPFfJ1gZ1fLZpAEGw', 'eJnQBXmZ7Ek', 'UgzKmDD4ZuIaFvlGUKt4AaABAg', '01-MAY-19', 'Есть русские? Я из 2019, если что...', 1, 'UCP7f9vkjlGY9-7fSNa2nZkw');

INSERT INTO music_video VALUES ('UCBQZwaNPFfJ1gZ1fLZpAEGw', '8c151YvdwT8', 'twenty one pilots - Banditø Tour: Episode Three', 'PT4M34S', '17-NOV-18', 'The official behind the scenes footage of twenty one pilots'' Banditø Tour: Episode Three.  the album TRENCH, available now on Fueled By Ramen.  http://top.lnk.to/trench  Exclusive TRENCH merch bundle', 518172, 53449, 148);

INSERT INTO channel VALUES ('UCh8ont3evt1R9jKq2qitczA', 'Skeletøn Helper', '27-APR-19', 'REUPLOADING VIDEOS TAKEN BY WMG THEY SUCK ASS', 5);

INSERT INTO music_video VALUES ('UCh8ont3evt1R9jKq2qitczA', 'SHQ07MvyPFI', 'twenty one pilots - 8 Songs Mashup', 'PT3M8S', '27-APR-19', 'Original By: Kitchen Sink Songs By: Twenty One Pilots', 71, 14, 0);

INSERT INTO music_video VALUES ('UCh8ont3evt1R9jKq2qitczA', 'l3xybVlWV30', '1 hour of twenty one pilots'' sad songs [Re Upload]', 'PT1H41S', '27-APR-19', 'Original By: gunsforhands Songs By: Twenty One Pilots https://twitter.com/GunsForHands_yt?s=09  00:00:05 Goner 00:03:54 Trees 00:08:10 A car, a torch, a death 00:12:39 Before you start your day 00:16:', 19, 5, 0);

INSERT INTO music_video VALUES ('UCh8ont3evt1R9jKq2qitczA', '-oYgl-dUA1g', 'Twenty One Pilots - House of Gold (Bonus Track) [RAB]', 'PT2M46S', '27-APR-19', 'Song: House of Gold (Bonus Track) Album: Regional at Best Twenty One Pilots is: Tyler Joseph, Josh Dun 2011', 5, 0, 0);

INSERT INTO music_video VALUES ('UCh8ont3evt1R9jKq2qitczA', '5kgSY2E6juc', 'Twenty One Pilots - Two (Newsletter Track) [RAB]', 'PT3M6S', '27-APR-19', 'Song: Two (Newsletter Track) Album: Regional at Best Twenty One Pilots is: Tyler Joseph, Josh Dun 2011', 9, 0, 0);

INSERT INTO music_video VALUES ('UCh8ont3evt1R9jKq2qitczA', 'JldP4IzaubU', 'Twenty One Pilots - Clear [RAB]', 'PT3M40S', '27-APR-19', 'Song: Clear Album: Regional at Best Twenty One Pilots is: Tyler Joseph, Josh Dun 2011', 9, 1, 0);

INSERT INTO channel VALUES ('UCA3-nIYWu4PTWkb6NwhEpzg', 'Ryan Reynolds', '03-NOV-15', '', 1039992);

INSERT INTO subscribes_to VALUES ('UCh8ont3evt1R9jKq2qitczA', 'UCA3-nIYWu4PTWkb6NwhEpzg');

INSERT INTO channel VALUES ('UClVrJwcIy7saPcGc1nct80A', 'Fueled By Ramen', '09-JUN-06', 'The Official Fueled By Ramen YouTube Channel - home to flor, grandson, SWMRS, ONE OK ROCK, Dashboard Confessional, nothing,nowhere., E^ST, The Front Bottoms, Basement, twenty one pilots, Against The C', 12076039);

INSERT INTO subscribes_to VALUES ('UCh8ont3evt1R9jKq2qitczA', 'UClVrJwcIy7saPcGc1nct80A');

INSERT INTO subscribes_to VALUES ('UCh8ont3evt1R9jKq2qitczA', 'UCBQZwaNPFfJ1gZ1fLZpAEGw');

INSERT INTO channel VALUES ('UC7Pxs_6U_Lu0yudH03IQDKA', 'pure catharsis', '21-SEP-13', 'music related stuff (tøp, tyler the creator, gorillaz, rich chigga, mac demarco, etc.)  i enjoy real real nice chords, which is the main reason i look up to tyler okonma, he the goat  inquiries: kcomi', 5742);

INSERT INTO subscribes_to VALUES ('UCh8ont3evt1R9jKq2qitczA', 'UC7Pxs_6U_Lu0yudH03IQDKA');

INSERT INTO channel VALUES ('UCUn45zoC5EVFtqVpkPalkTw', 'Kai l Music Producing', '01-OCT-14', 'The names Kaien and i go by the name Redstone Tech  I Like to make music instrumental covers from twenty one pilots.. I''m inspired by Isolated dragon check his channel out! https://www.youtube.com/ch', 526);

INSERT INTO subscribes_to VALUES ('UCh8ont3evt1R9jKq2qitczA', 'UCUn45zoC5EVFtqVpkPalkTw');

INSERT INTO video_comment VALUES ('UCBQZwaNPFfJ1gZ1fLZpAEGw', '8c151YvdwT8', 'UgzMiKf1d1MC5vqwxBh4AaABAg', '27-APR-19', '<a href="https://www.youtube.com/watch?v=8c151YvdwT8 amp;t=3m21s">3:21</a><br />Wait, wait, wait...THEY REALLY PUT THE FORTNITE OG MUSIC IN THE INTRO OF BANDITO TOUR', 0, 'UCh8ont3evt1R9jKq2qitczA');

INSERT INTO channel VALUES ('UCkVCd40xqPe4IZ7tyNf_r6A', 'Marvin Alarcon', '21-FEB-15', '', 6);

INSERT INTO video_comment VALUES ('UCBQZwaNPFfJ1gZ1fLZpAEGw', '8c151YvdwT8', 'Ugxi2lSh02BC2L4b8OJ4AaABAg', '24-APR-19', 'Who else didn’t hear the fortnite theme', 0, 'UCkVCd40xqPe4IZ7tyNf_r6A');

INSERT INTO video_comment VALUES ('UCBQZwaNPFfJ1gZ1fLZpAEGw', '8c151YvdwT8', 'Ugz5wK1TDBbb0tv7-qZ4AaABAg', '23-APR-19', 'Josh being hot for 4 minutes and 30 seconds', 1, 'UC1mpBOBwgbb1j2xnnDl4O8g');

INSERT INTO channel VALUES ('UCVxJ7YjeQ0LPIGH6TAGwToA', 'neøn gravestønes', '22-JUN-13', '~', 0);

INSERT INTO music_video VALUES ('UCVxJ7YjeQ0LPIGH6TAGwToA', 'hwdZfE_aRzc', 'The Killing Season 3 Finale - Holder   Linden', 'PT1M8S', '06-AUG-13', 'This is my favourite scene from the season 3 finale of AMC''s ''The Killing''. I do NOT own this footage, the quality isn''t that great (watch it in 720p HD) but I uploaded it because I love it so muc', 38066, 116, 7);

INSERT INTO video_comment VALUES ('UCBQZwaNPFfJ1gZ1fLZpAEGw', '8c151YvdwT8', 'Ugze9Y_-fLCMrioDAVR4AaABAg', '18-APR-19', '<a href="https://www.youtube.com/watch?v=8c151YvdwT8 amp;t=3m28s">3:28</a> The look they gave each other omg my heart', 0, 'UCVxJ7YjeQ0LPIGH6TAGwToA');

INSERT INTO playlist VALUES ('UCBQZwaNPFfJ1gZ1fLZpAEGw', 'PL3roRV3JHZza0XK7LBuTLLlkHpGlFqlnA', 'songs at a piano', '', 3);

INSERT INTO music_video VALUES ('UC49ta0RHXJUiID5KWRkcySw', 'zolg78kfAW4', 'twenty one pilots - Cut My Lip (SiriusXM Session)', 'PT4M26S', '31-JAN-19', 'Hear more from Alt Nation on our app, get a free trial here: https://siriusxm.us/ytTrial  Subscribe to SiriusXM on Youtube: http://www.youtube.com/siriusxm  Connect with SiriusXM Online Facebook: http', 758600, 32870, 90);

INSERT INTO playlist_videos VALUES ('UCBQZwaNPFfJ1gZ1fLZpAEGw', 'PL3roRV3JHZza0XK7LBuTLLlkHpGlFqlnA', 'zolg78kfAW4', 'UC49ta0RHXJUiID5KWRkcySw');

INSERT INTO music_video VALUES ('UC49ta0RHXJUiID5KWRkcySw', 'pceIuGvRtlg', 'twenty one pilots - My Blood (SiriusXM Session)', 'PT5M56S', '31-JAN-19', 'Hear more from Alt Nation on our app, get a free trial here: https://siriusxm.us/ytTrial  Subscribe to SiriusXM on Youtube: http://www.youtube.com/siriusxm  Connect with SiriusXM Online Facebook: http', 496783, 35217, 99);

INSERT INTO playlist_videos VALUES ('UCBQZwaNPFfJ1gZ1fLZpAEGw', 'PL3roRV3JHZza0XK7LBuTLLlkHpGlFqlnA', 'pceIuGvRtlg', 'UC49ta0RHXJUiID5KWRkcySw');

INSERT INTO music_video VALUES ('UC49ta0RHXJUiID5KWRkcySw', 'dB-8RMUrzPA', 'twenty one pilots - Holding On To You (SiriusXM Session)', 'PT6M', '31-JAN-19', 'Hear more from AltNation on our app, get a free trial here: https://siriusxm.us/ytTrial  Subscribe to SiriusXM on Youtube: http://www.youtube.com/siriusxm  Connect with SiriusXM Online Facebook: http:', 336679, 17430, 51);

INSERT INTO playlist_videos VALUES ('UCBQZwaNPFfJ1gZ1fLZpAEGw', 'PL3roRV3JHZza0XK7LBuTLLlkHpGlFqlnA', 'dB-8RMUrzPA', 'UC49ta0RHXJUiID5KWRkcySw');

INSERT INTO playlist VALUES ('UCBQZwaNPFfJ1gZ1fLZpAEGw', 'PL3roRV3JHZzZs7Za2TS9-CPCkbmI3j7NK', 'Banditø Tour Series', 'Banditø Tøur see all 2018-2019 dates at twentyonepilots.com/banditotour', 6);

INSERT INTO music_video VALUES ('UCBQZwaNPFfJ1gZ1fLZpAEGw', 'EakqTDyo0Yw', 'twenty one pilots - Banditø Tour: Episode Six', 'PT6M35S', '21-MAR-19', 'The official behind the scenes footage of twenty one pilots'' Banditø Tour: Episode Six.  the album TRENCH, available now on Fueled By Ramen.  http://top.lnk.to/trench  Exclusive TRENCH merch bundles:', 393842, 48862, 286);

INSERT INTO playlist_videos VALUES ('UCBQZwaNPFfJ1gZ1fLZpAEGw', 'PL3roRV3JHZzZs7Za2TS9-CPCkbmI3j7NK', 'EakqTDyo0Yw', 'UCBQZwaNPFfJ1gZ1fLZpAEGw');

INSERT INTO music_video VALUES ('UCBQZwaNPFfJ1gZ1fLZpAEGw', 'qTtc5PbHiD0', 'twenty one pilots - Banditø Tour: Episode Five', 'PT5M13S', '28-FEB-19', 'The official behind the scenes footage of twenty one pilots'' Banditø Tour: Episode Five.  the album TRENCH, available now on Fueled By Ramen.  http://top.lnk.to/trench  Exclusive TRENCH merch bundles', 635958, 54428, 197);

INSERT INTO playlist_videos VALUES ('UCBQZwaNPFfJ1gZ1fLZpAEGw', 'PL3roRV3JHZzZs7Za2TS9-CPCkbmI3j7NK', 'qTtc5PbHiD0', 'UCBQZwaNPFfJ1gZ1fLZpAEGw');

INSERT INTO music_video VALUES ('UCBQZwaNPFfJ1gZ1fLZpAEGw', 'LBJmPnPrEKc', 'twenty one pilots - Banditø Tour: Episode Four', 'PT5M11S', '15-FEB-19', 'The official behind the scenes footage of twenty one pilots'' Banditø Tour: Episode Four.  the album TRENCH, available now on Fueled By Ramen.  http://top.lnk.to/trench  Exclusive TRENCH merch bundles', 830761, 79590, 385);

INSERT INTO playlist_videos VALUES ('UCBQZwaNPFfJ1gZ1fLZpAEGw', 'PL3roRV3JHZzZs7Za2TS9-CPCkbmI3j7NK', 'LBJmPnPrEKc', 'UCBQZwaNPFfJ1gZ1fLZpAEGw');

INSERT INTO music_video VALUES ('UCBQZwaNPFfJ1gZ1fLZpAEGw', '8c151YvdwT8', 'twenty one pilots - Banditø Tour: Episode Three', 'PT4M34S', '17-NOV-18', 'The official behind the scenes footage of twenty one pilots'' Banditø Tour: Episode Three.  the album TRENCH, available now on Fueled By Ramen.  http://top.lnk.to/trench  Exclusive TRENCH merch bundle', 518172, 53450, 148);

INSERT INTO playlist_videos VALUES ('UCBQZwaNPFfJ1gZ1fLZpAEGw', 'PL3roRV3JHZzZs7Za2TS9-CPCkbmI3j7NK', '8c151YvdwT8', 'UCBQZwaNPFfJ1gZ1fLZpAEGw');

INSERT INTO music_video VALUES ('UCBQZwaNPFfJ1gZ1fLZpAEGw', 'g8nOlr-1HQk', 'twenty one pilots - Banditø Tour: Episode Two', 'PT4M48S', '02-NOV-18', 'The official behind the scenes footage of twenty one pilots'' Banditø Tour: Episode Two.  the album TRENCH, available now on Fueled By Ramen.  http://top.lnk.to/trench  Exclusive TRENCH merch bundles:', 639202, 63909, 171);

INSERT INTO playlist_videos VALUES ('UCBQZwaNPFfJ1gZ1fLZpAEGw', 'PL3roRV3JHZzZs7Za2TS9-CPCkbmI3j7NK', 'g8nOlr-1HQk', 'UCBQZwaNPFfJ1gZ1fLZpAEGw');

INSERT INTO playlist VALUES ('UCBQZwaNPFfJ1gZ1fLZpAEGw', 'PL3roRV3JHZzbS7I1a4RsINKCU3wub5AHK', '''Jumpsuit'' live from the American Music Awards', 'Trench featuring ''Jumpsuit'' and ''My Blood'' -  http://top.lnk.to/trench  The Banditø Tøur - NEW DATES ANNOUNCED see all 2018-2019 dates at twentyonepilots.com/banditotour  MAY 1 Monterrey, MX @ Are', 1);

INSERT INTO music_video VALUES ('UClVrJwcIy7saPcGc1nct80A', 'CXEt4X_yieo', 'twenty one pilots: Jumpsuit [Live from the American Music Awards]', 'PT3M48S', '10-OCT-18', 'twenty one pilots'' performance of ''Jumpsuit'' from their new album Trench live at the American Music Awards on October 9th 2018.  get Trench featuring ''Jumpsuit''   ''My Blood'' now: http://top.lnk', 2756017, 141197, 1840);

INSERT INTO playlist_videos VALUES ('UCBQZwaNPFfJ1gZ1fLZpAEGw', 'PL3roRV3JHZzbS7I1a4RsINKCU3wub5AHK', 'CXEt4X_yieo', 'UClVrJwcIy7saPcGc1nct80A');

INSERT INTO playlist VALUES ('UCBQZwaNPFfJ1gZ1fLZpAEGw', 'PL3roRV3JHZzZJ8Vy3I9XPShDX0seo98EC', 'Trench - Beyond The Videos', 'The Banditø Tøur - NEW DATES ANNOUNCED see all 2018-2019 dates at twentyonepilots.com/banditotour  MAY 1 Monterrey, MX @ Arena Monterrey MAY 3 Mexico City, MX @ Sports Palace MAY 4 Mexico City, MX @ S', 6);

INSERT INTO music_video VALUES ('UCBQZwaNPFfJ1gZ1fLZpAEGw', 'DJZnuVSbH5E', 'twenty one pilots - Levitate (Beyond The Video)', 'PT4M22S', '27-SEP-18', 'A behind-the-scenes look at the making of twenty one pilots'' music video for "Levitate" from the album ''TRENCH'' - available now on Fueled By Ramen.  watch the official music video at: https://youtu', 579302, 60471, 227);

INSERT INTO playlist_videos VALUES ('UCBQZwaNPFfJ1gZ1fLZpAEGw', 'PL3roRV3JHZzZJ8Vy3I9XPShDX0seo98EC', 'DJZnuVSbH5E', 'UCBQZwaNPFfJ1gZ1fLZpAEGw');

INSERT INTO music_video VALUES ('UCBQZwaNPFfJ1gZ1fLZpAEGw', 'uv_1AKKKJnk', 'twenty one pilots - Levitate (Official Video)', 'PT2M34S', '08-AUG-18', 'twenty one pilots official video for "Levitate" from the album ''TRENCH'' - available now on Fueled By Ramen.  https://top.lnk.to/trench  Exclusive TRENCH merch bundles: http://smarturl.it/trench  The', 26617315, 651440, 14945);

INSERT INTO playlist_videos VALUES ('UCBQZwaNPFfJ1gZ1fLZpAEGw', 'PL3roRV3JHZzZJ8Vy3I9XPShDX0seo98EC', 'uv_1AKKKJnk', 'UCBQZwaNPFfJ1gZ1fLZpAEGw');

INSERT INTO music_video VALUES ('UCBQZwaNPFfJ1gZ1fLZpAEGw', 'teIy4u1pqgs', 'twenty one pilots - Nico And The Niners (Beyond the Video)', 'PT3M33S', '20-SEP-18', 'A behind-the-scenes look at the making of twenty one pilots'' music video for "Nico and The Niners" from the album ''TRENCH'' - available now on Fueled By Ramen.  watch the official music video at: ht', 726495, 75657, 234);

INSERT INTO playlist_videos VALUES ('UCBQZwaNPFfJ1gZ1fLZpAEGw', 'PL3roRV3JHZzZJ8Vy3I9XPShDX0seo98EC', 'teIy4u1pqgs', 'UCBQZwaNPFfJ1gZ1fLZpAEGw');

INSERT INTO music_video VALUES ('UCBQZwaNPFfJ1gZ1fLZpAEGw', 'hMAPyGoqQVw', 'twenty one pilots - Nico And The Niners (Official Video)', 'PT4M23S', '26-JUL-18', 'twenty one pilots official video for "Nico And The Niners" from the album ''TRENCH'' - available nowh on Fueled By Ramen. https://top.lnk.to/trench  Exclusive TRENCH merch bundles: http://smarturl.it/', 49457963, 929419, 12816);

INSERT INTO playlist_videos VALUES ('UCBQZwaNPFfJ1gZ1fLZpAEGw', 'PL3roRV3JHZzZJ8Vy3I9XPShDX0seo98EC', 'hMAPyGoqQVw', 'UCBQZwaNPFfJ1gZ1fLZpAEGw');

INSERT INTO music_video VALUES ('UCBQZwaNPFfJ1gZ1fLZpAEGw', 'b1ypZb7RVfQ', 'twenty one pilots - Jumpsuit (Beyond the Video)', 'PT8M21S', '06-SEP-18', 'A behind-the-scenes look at the making of twenty one pilots'' music video for "Jumpsuit" from the album ''TRENCH'' - available now on Fueled By Ramen.  watch the official music video at: https://youtu', 1111054, 129672, 368);

INSERT INTO playlist_videos VALUES ('UCBQZwaNPFfJ1gZ1fLZpAEGw', 'PL3roRV3JHZzZJ8Vy3I9XPShDX0seo98EC', 'b1ypZb7RVfQ', 'UCBQZwaNPFfJ1gZ1fLZpAEGw');

INSERT INTO playlist VALUES ('UCBQZwaNPFfJ1gZ1fLZpAEGw', 'PL3roRV3JHZzYrywUGDSoIeF7J9P4sWIba', 'Trench - Out Now', 'twenty one pilots TRENCH available now on Fueled By Ramen.  TRENCH is out now and we have some exclusive merch bundles for you. https://store.twentyonepilots.com  TRENCH out now: https://top.lnk.to/tr', 14);

INSERT INTO music_video VALUES ('UCBQZwaNPFfJ1gZ1fLZpAEGw', 'eJnQBXmZ7Ek', 'twenty one pilots - Chlorine (Official Video)', 'PT5M24S', '23-JAN-19', 'official video for "Chlorine" from the album ''TRENCH'' - available now on Fueled By Ramen.   http://top.lnk.to/trench  Banditø Tour get tickets at http://twentyonepilots.com/banditotour  MAY 1 Monter', 99407650, 1736920, 29322);

INSERT INTO playlist_videos VALUES ('UCBQZwaNPFfJ1gZ1fLZpAEGw', 'PL3roRV3JHZzYrywUGDSoIeF7J9P4sWIba', 'eJnQBXmZ7Ek', 'UCBQZwaNPFfJ1gZ1fLZpAEGw');

INSERT INTO music_video VALUES ('UCBQZwaNPFfJ1gZ1fLZpAEGw', '8mn-FFjIbo8', 'twenty one pilots - My Blood (Official Video)', 'PT3M56S', '05-OCT-18', 'official video for "My Blood’'' from the album ''TRENCH'' - available now  on Fueled By Ramen.   http://top.lnk.to/trench  Exclusive TRENCH merch bundles: http://smarturl.it/trench  The Banditø Tøur g', 29905207, 843444, 9777);

INSERT INTO playlist_videos VALUES ('UCBQZwaNPFfJ1gZ1fLZpAEGw', 'PL3roRV3JHZzYrywUGDSoIeF7J9P4sWIba', '8mn-FFjIbo8', 'UCBQZwaNPFfJ1gZ1fLZpAEGw');

INSERT INTO music_video VALUES ('UCBQZwaNPFfJ1gZ1fLZpAEGw', 'UOUBW8bkjQ4', 'twenty one pilots - Jumpsuit (Official Video)', 'PT4M59S', '11-JUL-18', 'twenty one pilots'' official video for "Jumpsuit" from the album ''TRENCH'' - available now on Fueled By Ramen. https://top.lnk.to/trench  Exclusive TRENCH merch bundles: http://smarturl.it/trench  Th', 67027654, 1384171, 33741);

INSERT INTO playlist_videos VALUES ('UCBQZwaNPFfJ1gZ1fLZpAEGw', 'PL3roRV3JHZzYrywUGDSoIeF7J9P4sWIba', 'UOUBW8bkjQ4', 'UCBQZwaNPFfJ1gZ1fLZpAEGw');

INSERT INTO music_video VALUES ('UCBQZwaNPFfJ1gZ1fLZpAEGw', 'uv_1AKKKJnk', 'twenty one pilots - Levitate (Official Video)', 'PT2M34S', '08-AUG-18', 'twenty one pilots official video for "Levitate" from the album ''TRENCH'' - available now on Fueled By Ramen.  https://top.lnk.to/trench  Exclusive TRENCH merch bundles: http://smarturl.it/trench  The', 26617315, 651440, 14945);

INSERT INTO playlist_videos VALUES ('UCBQZwaNPFfJ1gZ1fLZpAEGw', 'PL3roRV3JHZzYrywUGDSoIeF7J9P4sWIba', 'uv_1AKKKJnk', 'UCBQZwaNPFfJ1gZ1fLZpAEGw');

INSERT INTO music_video VALUES ('UCBQZwaNPFfJ1gZ1fLZpAEGw', 'OmL9TqTFIAc', 'twenty one pilots - Morph (Official Audio)', 'PT4M20S', '05-OCT-18', 'twenty one pilots official audio for "Morph" from the album ''TRENCH'' - available now on Fueled By Ramen.  https://top.lnk.to/trench  Exclusive TRENCH merch bundles: http://smarturl.it/trench  The Ba', 19614327, 257601, 3460);

INSERT INTO playlist_videos VALUES ('UCBQZwaNPFfJ1gZ1fLZpAEGw', 'PL3roRV3JHZzYrywUGDSoIeF7J9P4sWIba', 'OmL9TqTFIAc', 'UCBQZwaNPFfJ1gZ1fLZpAEGw');

INSERT INTO channel VALUES ('UCqwWiere6xL2tWat7jSmr2w', 'Jasper Vlogs', '01-DEC-16', 'Yes, I like programming. Yes, I like making videos. No, I don''t have time to make videos. I''m a freshman at UCA who is still learning the arts of computer science. So if you don''t subscribe I will ', 99);

INSERT INTO music_video VALUES ('UCqwWiere6xL2tWat7jSmr2w', 'i0KrF07V574', 'mavic', 'PT7S', '04-MAR-19', '', 3, 0, 0);

INSERT INTO music_video VALUES ('UCqwWiere6xL2tWat7jSmr2w', 'RZ6t8qm96dc', 'Youth Sunday 2019', 'PT3M45S', '10-FEB-19', '', 39, 0, 0);

INSERT INTO music_video VALUES ('UCqwWiere6xL2tWat7jSmr2w', 'fK6Yh02N7OU', 'Jaybird RUN VS Bose Soundsport Free: What many YouTubers didn''t mention', 'PT7M58S', '30-JAN-19', 'Welcome to another Tech Video.  Maybe I am an idiot and an impulse buyer but I wanted to make this video so, why not.', 3402, 47, 10);

INSERT INTO channel VALUES ('UChoqG5BZLv8CXAvFJ7Fj7eg', 'alejandro Valero', '27-FEB-15', 'Im a secret easter egg you wont find me', 1);

INSERT INTO video_comment VALUES ('UCqwWiere6xL2tWat7jSmr2w', 'fK6Yh02N7OU', 'UgyB7y3mcwGnwv7NCxh4AaABAg', '11-APR-19', 'yet again even another video that I #39;ve seen where they don #39;t mention the audio delay with the Bose soundsport free, im basically screwed because I can #39;t even return these so my best bet is', 0, 'UChoqG5BZLv8CXAvFJ7Fj7eg');

INSERT INTO channel VALUES ('UCjImUQsifv67I3vFY6zNfnw', 'Edgar Ponce', '08-APR-16', '', 0);

INSERT INTO video_comment VALUES ('UCqwWiere6xL2tWat7jSmr2w', 'fK6Yh02N7OU', 'UgwviGaQ2NjKL3UZgv94AaABAg', '07-APR-19', 'Hello, new subscriber in the house!!!', 0, 'UCjImUQsifv67I3vFY6zNfnw');

INSERT INTO channel VALUES ('UCIEd4lZJhJTgjv1NK4ODAbg', 'Alexi B', '03-APR-14', '', 48);

INSERT INTO channel VALUES ('UCt2O2_s_DWmR0jqTserHDvg', 'Swolenormous', '19-FEB-15', 'Fitness without the BS - Raw Comedy, Roasts, Current Events, Sprinkle In Some Beard-Action.   Programs, Nutrition   Training http://SwolenormousX.com  SOCIAL: Instagram: http://instagram.com/Swolenorm', 40743);

INSERT INTO subscribes_to VALUES ('UCIEd4lZJhJTgjv1NK4ODAbg', 'UCt2O2_s_DWmR0jqTserHDvg');

INSERT INTO channel VALUES ('UCXLdps0aVzxxet8avg9OLYQ', 'Aly Art', '19-SEP-14', 'Hi guys! My name is Alyona. I was born in Russia, in 1984. My husband and I like to travel and visit other places when we can. We spent a few years in the USA where I performed at some shows and event', 464902);

INSERT INTO subscribes_to VALUES ('UCIEd4lZJhJTgjv1NK4ODAbg', 'UCXLdps0aVzxxet8avg9OLYQ');

INSERT INTO channel VALUES ('UC7YpYoKUanFVgQPZrdm98tQ', 'Meerrettichbrot', '03-MAY-12', '', 4189);

INSERT INTO subscribes_to VALUES ('UCIEd4lZJhJTgjv1NK4ODAbg', 'UC7YpYoKUanFVgQPZrdm98tQ');

INSERT INTO channel VALUES ('UCcrBtxD8xy2cxeXM7f-xihA', 'Specialized Bicycles', '31-DEC-08', 'Since 1974, we''ve had one goal: Innovate and inspire to improve riders'' lives.  Visit:   https://www.specialized.com', 301436);

INSERT INTO subscribes_to VALUES ('UCIEd4lZJhJTgjv1NK4ODAbg', 'UCcrBtxD8xy2cxeXM7f-xihA');

INSERT INTO channel VALUES ('UC11PvrGPzo6Y7Zc6-e9cAKg', 'DramaAlert', '16-JUN-14', 'Welcome to DramaAlert! Your #1 source for news on the social interactions in online entertainment!  Please do not email us any news, tips or stories! Tweet or DM on Twitter - @DramaAlertDM     KGS9S3', 4905321);

INSERT INTO subscribes_to VALUES ('UCIEd4lZJhJTgjv1NK4ODAbg', 'UC11PvrGPzo6Y7Zc6-e9cAKg');

INSERT INTO video_comment VALUES ('UCqwWiere6xL2tWat7jSmr2w', 'fK6Yh02N7OU', 'UgxqCFhmTHgq5eiI88F4AaABAg', '27-MAR-19', 'I love Bose but the way the stick out of your ear makes everyone look like an elf', 0, 'UCIEd4lZJhJTgjv1NK4ODAbg');

INSERT INTO channel VALUES ('UC-1fzl_gU-ablbqtbhzJ70w', 'ChamucoDS', '28-NOV-11', 'Soy aficionado de los video juegos, este espacio lo utilizo para compartir mi pasión por los video juegos y compartir la con mis suscriptores. Gracias por visitarme y nos olvides suscribirte para esta', 1146);

INSERT INTO music_video VALUES ('UC-1fzl_gU-ablbqtbhzJ70w', '2D0U9EmPKfw', 'Astro C40 TR Unboxing', 'PT9M55S', '22-APR-19', 'Les presento el unboxing de este nuevo control  de Astro con licencia official de Playstation. Es para PS4 y PC. Espero les guste y comenten para aclarar cualquier duda.', 194, 22, 1);

INSERT INTO music_video VALUES ('UC-1fzl_gU-ablbqtbhzJ70w', 'xtESzceSwWo', 'Una Magistral Victoria en Apex', 'PT1M27S', '03-MAR-19', 'Parte final de la Partida 2 vs 3 y nos llevamos la Victoria. -- Watch live at https://www.twitch.tv/chamucods', 28, 4, 1);

INSERT INTO music_video VALUES ('UC-1fzl_gU-ablbqtbhzJ70w', 'tWcDzWPmgZk', 'Primera victoria en Apex Legends', 'PT19M4S', '09-FEB-19', 'Primera victoria en Apex Legends -- Watch live at https://www.twitch.tv/chamucods', 52, 4, 0);

INSERT INTO music_video VALUES ('UC-1fzl_gU-ablbqtbhzJ70w', 'LFGcUP8uF2s', 'Una Buena partida de Nuevo.', 'PT11M54S', '18-JAN-19', 'Black Ops 4 una buena partida espero les guste -- Watch live at https://www.twitch.tv/chamucods', 42, 6, 0);

INSERT INTO music_video VALUES ('UC-1fzl_gU-ablbqtbhzJ70w', '0eKdelUU8Sc', 'Aprovechando la Habilidad al Máximo.', 'PT27S', '18-JAN-19', 'ChamucoDS al Ataque. -- Watch live at https://www.twitch.tv/chamucods', 13, 4, 0);

INSERT INTO channel VALUES ('UCxIiCdzP5mYBflpjiue8plQ', 'pisuarez', '21-MAY-07', 'AMAZING MEXICAN STREET FOOD AND BUSHCRAFT VIDEOS (MY TWO PASSIONS)...', 105047);

INSERT INTO subscribes_to VALUES ('UC-1fzl_gU-ablbqtbhzJ70w', 'UCxIiCdzP5mYBflpjiue8plQ');

INSERT INTO channel VALUES ('UCI0fV325v5QniwVJ74PAVcA', 'Mtashed', '16-JUL-13', 'Hey, I''m Mtashed! I make guides, comedy videos, and exotic weapon and armor reviews for on destiny 2.  If you want to know what the best gear is for Destiny 2, or how to dominate in the crucible, thi', 332474);

INSERT INTO subscribes_to VALUES ('UC-1fzl_gU-ablbqtbhzJ70w', 'UCI0fV325v5QniwVJ74PAVcA');

INSERT INTO channel VALUES ('UCcGYJndqreqXMUZoOhn3E7A', 'JimsReviewRoom', '10-APR-12', 'Reviewing consumer electronics - helping you make a purchase decision.    www.jimsreviewroom.com  ►KEEP IN TOUCH◄ Facebook: http://facebook.com/JimsReviewRoom Instagram : http://instagram.com/JimsRevi', 739020);

INSERT INTO subscribes_to VALUES ('UC-1fzl_gU-ablbqtbhzJ70w', 'UCcGYJndqreqXMUZoOhn3E7A');

INSERT INTO channel VALUES ('UCxM5vSXEfHnhPiFHRTyINIg', 'AndyGM en Berlín', '03-SEP-14', '¡Hola y bienvenidos a mi canal! Me llamo Andy, soy una estudiante española pero vivo y estudio en Berlín, Alemania.  En este canal encontraréis información a tener en cuenta si estáis pensando en estu', 426303);

INSERT INTO subscribes_to VALUES ('UC-1fzl_gU-ablbqtbhzJ70w', 'UCxM5vSXEfHnhPiFHRTyINIg');

INSERT INTO video_comment VALUES ('UCqwWiere6xL2tWat7jSmr2w', 'fK6Yh02N7OU', 'Ugx1oUeN_g4-87tj7sJ4AaABAg', '24-MAR-19', 'Great video.', 0, 'UC-1fzl_gU-ablbqtbhzJ70w');

INSERT INTO music_video VALUES ('UCqwWiere6xL2tWat7jSmr2w', 'G2jVQNBTxuc', 'How to build a justified image gallery from a Flickr Photostream using PHP and Javascript', 'PT28M50S', '26-JAN-19', 'LINKS! PHP Flickr API Wrapper: https://github.com/dan-coulter/phpflickr/blob/master/phpFlickr.php Flickr API Services: https://www.flickr.com/services/api/ Create a Flickr App: https://www.flickr.com/', 36, 1, 0);

INSERT INTO music_video VALUES ('UCqwWiere6xL2tWat7jSmr2w', '_wfKEQdocwc', 'Live chill music', 'PT0S', '15-JAN-19', 'Watch live improv piano', 0, 0, 0);

INSERT INTO channel VALUES ('UCeiRyLo_Q9q4tlv9aaQJF5w', 'The National', '02-DEC-10', 'The Official YouTube Page for the band The National.', 166077);

INSERT INTO music_video VALUES ('UCeiRyLo_Q9q4tlv9aaQJF5w', 'W_aN81SBI3A', 'The National - ''Hairpin Turns''', 'PT4M41S', '01-MAY-19', 'From The National''s new album ''I Am Easy to Find'' out May 17 Pre-order now at https://thenational.ffm.to/iaetf.oyd http://www.americanmary.com  |  http://www.4AD.com  Watch the trailer for I Am Eas', 23466, 2245, 48);

INSERT INTO channel VALUES ('UCosYeY2rP6QhcUd3YsqBz3A', 'Loolee', '23-MAR-07', '', 6);

INSERT INTO video_comment VALUES ('UCeiRyLo_Q9q4tlv9aaQJF5w', 'W_aN81SBI3A', 'UgxZVI9HHuqAzSuNSg14AaABAg', '01-MAY-19', 'BRB looping this for the rest of my life.', 0, 'UCosYeY2rP6QhcUd3YsqBz3A');

INSERT INTO channel VALUES ('UC7FiYsZxsh5RgelxRiaYy2A', 'shaqluva123', '19-JAN-07', '', 2);

INSERT INTO music_video VALUES ('UC7FiYsZxsh5RgelxRiaYy2A', 'PWu843OGDuA', 'How to Use a Rented Compact Olympus Camera', 'PT1M7S', '01-OCT-12', 'The title says it all.', 61, 0, 0);

INSERT INTO channel VALUES ('UCzS3-65Y91JhOxFiM7j6grg', 'Funny Or Die', '22-APR-07', 'Funny Or Die features your favorite comedians and celebrities in comedy videos. Founded in 2007 by Will Ferrell, Adam McKay, and Judd Apatow, Funny Or Die churns out hilarious videos to make you laugh', 2515495);

INSERT INTO subscribes_to VALUES ('UC7FiYsZxsh5RgelxRiaYy2A', 'UCzS3-65Y91JhOxFiM7j6grg');

INSERT INTO channel VALUES ('UCj2Oon8A9kybzZrwPJJJ1pg', 'GrimesVEVO', '28-MAY-11', '', 260532);

INSERT INTO subscribes_to VALUES ('UC7FiYsZxsh5RgelxRiaYy2A', 'UCj2Oon8A9kybzZrwPJJJ1pg');

INSERT INTO channel VALUES ('UCNYJOAz1J80HEJy2HSM772Q', 'David Dean Burkhart', '06-DEC-07', 'New Music // Old Footage ♥  For more new music, follow my weekly spotify playlist "Compact Cassette" (https://open.spotify.com/user/daviddeanburkhart/playlist/6lzG8MsMBoVEpulGS747M6)', 491497);

INSERT INTO subscribes_to VALUES ('UC7FiYsZxsh5RgelxRiaYy2A', 'UCNYJOAz1J80HEJy2HSM772Q');

INSERT INTO channel VALUES ('UCQac7ZuhVPnV7li0D-nqeAw', 'TheLazylazyme', '25-JUL-11', 'i do not own any of these, i''m just a fan of good music.', 426412);

INSERT INTO subscribes_to VALUES ('UC7FiYsZxsh5RgelxRiaYy2A', 'UCQac7ZuhVPnV7li0D-nqeAw');

INSERT INTO channel VALUES ('UCPExISHm27-KgGWZVRz-tew', 'Big Gigantic', '20-JUL-09', '', 33324);

INSERT INTO subscribes_to VALUES ('UC7FiYsZxsh5RgelxRiaYy2A', 'UCPExISHm27-KgGWZVRz-tew');

INSERT INTO video_comment VALUES ('UCeiRyLo_Q9q4tlv9aaQJF5w', 'W_aN81SBI3A', 'UgzjMUiRzZo8mH65wh54AaABAg', '01-MAY-19', 'I really hope they can do another Homecoming for this new album in Cinci like they did for Sleep Well Beast last year.<br />(They probably won #39;t, but a man can dream...can #39;t he?)', 0, 'UC7FiYsZxsh5RgelxRiaYy2A');

INSERT INTO channel VALUES ('UC1oLq7bdzWTDpQf3S1q6Hyw', 'lisa s', '23-AUG-15', '', 2);

INSERT INTO video_comment VALUES ('UCeiRyLo_Q9q4tlv9aaQJF5w', 'W_aN81SBI3A', 'Ugxh7EppK9hxtcWmhUV4AaABAg', '01-MAY-19', 'I #39;m never gonna stop loving this band', 0, 'UC1oLq7bdzWTDpQf3S1q6Hyw');

INSERT INTO channel VALUES ('UCWcklIwFOl_dvFOTcSPiHqg', 'Nonielolsos', '25-DEC-16', '', 0);

INSERT INTO video_comment VALUES ('UCeiRyLo_Q9q4tlv9aaQJF5w', 'W_aN81SBI3A', 'UgyQz8Lq9Z9tzJneV3d4AaABAg', '01-MAY-19', 'awesome', 0, 'UCWcklIwFOl_dvFOTcSPiHqg');

INSERT INTO music_video VALUES ('UCeiRyLo_Q9q4tlv9aaQJF5w', '5FQtSn_vak0', 'The National - ''Light Years''', 'PT3M38S', '04-APR-19', 'From The National''s new album ''I Am Easy to Find'' out May 17 Pre-order now at https://thenational.ffm.to/iaetf.oyd http://www.americanmary.com  |  http://www.4AD.com  Watch the trailer for I Am Eas', 713195, 16851, 257);

INSERT INTO channel VALUES ('UCRYj1I8E1A0fPLTzbHBpuZw', 'Carmen Chanel Bolton', '24-JUN-12', 'A South African gamer girl from Johannesburg! ;D', 75);

INSERT INTO video_comment VALUES ('UCeiRyLo_Q9q4tlv9aaQJF5w', '5FQtSn_vak0', 'UgwIJntULotV5XxlOHh4AaABAg', '01-MAY-19', 'So beautiful!', 0, 'UCRYj1I8E1A0fPLTzbHBpuZw');

INSERT INTO channel VALUES ('UCjOkGJ6ZYn21rJS69ofxWnw', 'abcun17', '26-JAN-08', '', 13);

INSERT INTO video_comment VALUES ('UCeiRyLo_Q9q4tlv9aaQJF5w', '5FQtSn_vak0', 'UgzPzBfhKu4D48XEH354AaABAg', '01-MAY-19', 'Beautiful. This music reaches into your soul.', 0, 'UCjOkGJ6ZYn21rJS69ofxWnw');

INSERT INTO channel VALUES ('UCz6gab7tK31w5UccvxQlz1Q', 'Rob Olliges', '17-JUL-13', '', 0);

INSERT INTO video_comment VALUES ('UCeiRyLo_Q9q4tlv9aaQJF5w', '5FQtSn_vak0', 'UgwkLcO7bpYFiKMJMXB4AaABAg', '01-MAY-19', 'Damn you; you just pulled all the strings apart that hold my heart together.', 0, 'UCz6gab7tK31w5UccvxQlz1Q');

INSERT INTO channel VALUES ('UCiqMYaKXJpaZr0dzs6hbLyQ', 'Donutsandmusicaltheatre areamazing', '28-FEB-18', '', 3);

INSERT INTO video_comment VALUES ('UCeiRyLo_Q9q4tlv9aaQJF5w', '5FQtSn_vak0', 'UgwqfTGgeSmGE63lhwl4AaABAg', '30-APR-19', 'So this is what happened to Gaby after the man from uncle', 1, 'UCiqMYaKXJpaZr0dzs6hbLyQ');

INSERT INTO music_video VALUES ('UCeiRyLo_Q9q4tlv9aaQJF5w', 'lBcVrb-snPk', 'The National - ''You Had Your Soul with You'' (Official Audio)', 'PT3M25S', '05-MAR-19', 'From The National''s new album ''I Am Easy to Find'' out May 17 Pre-order now at https://thenational.ffm.to/iaetf.oyd http://www.americanmary.com  |  http://www.4AD.com  Watch the trailer for I Am Eas', 665988, 7755, 247);

INSERT INTO channel VALUES ('UC8CDm2wjH4O0j2JwOxmDNZA', 'Georgous Snow saint fully sinner dragon killer', '26-JUN-16', 'I hate cons and trolls. I fight for liberty and freedom of the oppressed and abused, bungled and botched. Punk is dad and God ain''t dead', 9);

INSERT INTO video_comment VALUES ('UCeiRyLo_Q9q4tlv9aaQJF5w', 'lBcVrb-snPk', 'UgxrydspCGw7MItRPlh4AaABAg', '27-APR-19', 'Good for me, eh.', 0, 'UC8CDm2wjH4O0j2JwOxmDNZA');

INSERT INTO channel VALUES ('UCXhrN8dyNc3EP3HhelpiJow', 'chilliman27', '16-JUN-09', 'Gday,   Chilliman here ! I have developed a few xtra xtra xtra xtra hot sauces and spices, made with  the record holding BHUT JOLOKIA ! First up is my GHOST PEPPER SAUCE. Enjoy watching the pain and ', 15);

INSERT INTO video_comment VALUES ('UCeiRyLo_Q9q4tlv9aaQJF5w', 'lBcVrb-snPk', 'UgxQu4sjY-MgMDVHAC54AaABAg', '27-APR-19', 'GREATEST BAND IN THE WORLD !!!!!!!!!!!!!!!!!!!!!!!!!!!!!!!!!!!', 0, 'UCXhrN8dyNc3EP3HhelpiJow');

INSERT INTO channel VALUES ('UCnBS9yI0j__Wz7jfZjh0HPw', 'HORIZONSMUSICTV', '04-FEB-12', '', 1025);

INSERT INTO video_comment VALUES ('UCeiRyLo_Q9q4tlv9aaQJF5w', 'lBcVrb-snPk', 'UgwKTlIXv3uBE5408QR4AaABAg', '26-APR-19', 'single here.. <a href="https://www.horizonsmusic.co.uk/products/the-national-you-had-your-soul-with-you">https://www.horizonsmusic.co.uk/products/the-national-you-had-your-soul-with-you</a>', 0, 'UCnBS9yI0j__Wz7jfZjh0HPw');

INSERT INTO channel VALUES ('UCOT1yaylWpIfzeH7j3ch5Fg', 'Jenny St', '15-OCT-13', '', 0);

INSERT INTO video_comment VALUES ('UCeiRyLo_Q9q4tlv9aaQJF5w', 'lBcVrb-snPk', 'UgxL52rLiGs1iz6hNLZ4AaABAg', '25-APR-19', 'Oh, Du meine Güte Leute. Ich schmelze dahin...DAMN 🔥', 0, 'UCOT1yaylWpIfzeH7j3ch5Fg');

INSERT INTO music_video VALUES ('UCeiRyLo_Q9q4tlv9aaQJF5w', 'M2Uow9aNCRU', 'I Am Easy to Find (trailer)', 'PT1M1S', '05-MAR-19', 'I Am Easy to Find // A new album by The National // A short film by Mike Mills // May 17 Pre-order album now at https://thenational.ffm.to/iaetf.oyd Film details to be announced  We are very excited t', 177352, 3518, 22);

INSERT INTO channel VALUES ('UC3ufCuFiXlnQpE0CtJiCPNg', 'Chummy', '07-FEB-14', 'best youtuber ever', 12);

INSERT INTO video_comment VALUES ('UCeiRyLo_Q9q4tlv9aaQJF5w', 'M2Uow9aNCRU', 'UgzVj4qZkmmy__jxUip4AaABAg', '01-MAY-19', 'Wait what #39;s Rylan?', 0, 'UC3ufCuFiXlnQpE0CtJiCPNg');

INSERT INTO channel VALUES ('UCgq1LdyuufDfAaFIZ7CdoHA', 'Gary Maguire', '15-FEB-12', '', 2);

INSERT INTO video_comment VALUES ('UCeiRyLo_Q9q4tlv9aaQJF5w', 'M2Uow9aNCRU', 'UgyKEZUybktSy8Sgt_R4AaABAg', '21-APR-19', 'Well I searched all around the guest-room and still haven #39;t found him.', 0, 'UCgq1LdyuufDfAaFIZ7CdoHA');

INSERT INTO channel VALUES ('UCDd1OkNmtV5q5RmpcVtfmdw', 'Luiz Martins', '12-NOV-17', '', 0);

INSERT INTO video_comment VALUES ('UCeiRyLo_Q9q4tlv9aaQJF5w', 'M2Uow9aNCRU', 'UgzzbwGRHlSi8wcHDsR4AaABAg', '15-APR-19', 'Why May seems suddenly so far? Like, you know, light years away from here =(', 0, 'UCDd1OkNmtV5q5RmpcVtfmdw');

INSERT INTO channel VALUES ('UCY5At1Q9KKo9tcBTYWUvYwA', 'Yoga1978', '29-SEP-06', '', 18);

INSERT INTO video_comment VALUES ('UCeiRyLo_Q9q4tlv9aaQJF5w', 'M2Uow9aNCRU', 'UgzQghQsVYdNb5mS6JB4AaABAg', '10-APR-19', 'Man this teaser song is great!', 0, 'UCY5At1Q9KKo9tcBTYWUvYwA');

INSERT INTO music_video VALUES ('UCeiRyLo_Q9q4tlv9aaQJF5w', 'XWTmxDIBHYs', 'The National - Fake Empire Live in Brussels (Official Audio)', 'PT3M22S', '29-MAY-18', '''Boxer Live in Brussels'' by The National will be released on July 13th via 4AD. Available to pre-order here: http://4ad.co/BoxerLiveInBrussels', 53178, 784, 8);

INSERT INTO channel VALUES ('UCE3tY_D3uIpxX5YU77cB7SA', 'Neo bright', '09-APR-18', '', 0);

INSERT INTO video_comment VALUES ('UCeiRyLo_Q9q4tlv9aaQJF5w', 'XWTmxDIBHYs', 'UgyTROHHO_XxgS6jz4N4AaABAg', '07-JAN-19', 'person of interest', 3, 'UCE3tY_D3uIpxX5YU77cB7SA');

INSERT INTO channel VALUES ('UCmmOAy2uHUDLB1QgYaMMoGQ', 'Nicole M. Zigrest', '08-DEC-06', '', 33);

INSERT INTO video_comment VALUES ('UCeiRyLo_Q9q4tlv9aaQJF5w', 'XWTmxDIBHYs', 'UgymQKW3Y1XS-K1Ze-V4AaABAg', '16-DEC-18', 'great', 0, 'UCmmOAy2uHUDLB1QgYaMMoGQ');

INSERT INTO channel VALUES ('UCsEbwqHYshAKp3o1zr_-HyQ', '100 % AVENTURE', '17-AUG-16', 'klemen', 20);

INSERT INTO video_comment VALUES ('UCeiRyLo_Q9q4tlv9aaQJF5w', 'XWTmxDIBHYs', 'UgxrwUYuAaMUWkcCx9p4AaABAg', '07-AUG-18', 'nul', 1, 'UCsEbwqHYshAKp3o1zr_-HyQ');

INSERT INTO channel VALUES ('UCxbEw2oG8TQSmuMBYDOnrJQ', 'Sinner Train', '05-JUN-17', '', 2);

INSERT INTO video_comment VALUES ('UCeiRyLo_Q9q4tlv9aaQJF5w', 'XWTmxDIBHYs', 'UgyjaybQP6o6XuwgxXh4AaABAg', '02-JUN-18', 'If you #39;re fully awake in this fake empire it not an easy existence.  I wish I was half awake.  Love this band!', 1, 'UCxbEw2oG8TQSmuMBYDOnrJQ');

INSERT INTO playlist VALUES ('UCeiRyLo_Q9q4tlv9aaQJF5w', 'PLIrpDAtP87O5I4mfwqT12WZcImQwARpXt', 'I Am Easy To Find (2019)', '', 3);

INSERT INTO music_video VALUES ('UCeiRyLo_Q9q4tlv9aaQJF5w', '5FQtSn_vak0', 'The National - ''Light Years''', 'PT3M38S', '04-APR-19', 'From The National''s new album ''I Am Easy to Find'' out May 17 Pre-order now at https://thenational.ffm.to/iaetf.oyd http://www.americanmary.com  |  http://www.4AD.com  Watch the trailer for I Am Eas', 713195, 16851, 257);

INSERT INTO playlist_videos VALUES ('UCeiRyLo_Q9q4tlv9aaQJF5w', 'PLIrpDAtP87O5I4mfwqT12WZcImQwARpXt', '5FQtSn_vak0', 'UCeiRyLo_Q9q4tlv9aaQJF5w');

INSERT INTO music_video VALUES ('UCeiRyLo_Q9q4tlv9aaQJF5w', 'M2Uow9aNCRU', 'I Am Easy to Find (trailer)', 'PT1M1S', '05-MAR-19', 'I Am Easy to Find // A new album by The National // A short film by Mike Mills // May 17 Pre-order album now at https://thenational.ffm.to/iaetf.oyd Film details to be announced  We are very excited t', 177352, 3518, 22);

INSERT INTO playlist_videos VALUES ('UCeiRyLo_Q9q4tlv9aaQJF5w', 'PLIrpDAtP87O5I4mfwqT12WZcImQwARpXt', 'M2Uow9aNCRU', 'UCeiRyLo_Q9q4tlv9aaQJF5w');

INSERT INTO music_video VALUES ('UCeiRyLo_Q9q4tlv9aaQJF5w', 'lBcVrb-snPk', 'The National - ''You Had Your Soul with You'' (Official Audio)', 'PT3M25S', '05-MAR-19', 'From The National''s new album ''I Am Easy to Find'' out May 17 Pre-order now at https://thenational.ffm.to/iaetf.oyd http://www.americanmary.com  |  http://www.4AD.com  Watch the trailer for I Am Eas', 665988, 7755, 247);

INSERT INTO playlist_videos VALUES ('UCeiRyLo_Q9q4tlv9aaQJF5w', 'PLIrpDAtP87O5I4mfwqT12WZcImQwARpXt', 'lBcVrb-snPk', 'UCeiRyLo_Q9q4tlv9aaQJF5w');

INSERT INTO playlist VALUES ('UCeiRyLo_Q9q4tlv9aaQJF5w', 'PLIrpDAtP87O56vRF-PKdrNg2GgFvFL8XP', 'Live', '', 11);

INSERT INTO music_video VALUES ('UC3I2GFN_F8WudD_2jUZbojA', 'UKOq5rAFoJw', 'The National - Full Performance (Live on KEXP)', 'PT29M32S', '18-DEC-17', 'http://KEXP.ORG presents The National performing live in the KEXP studio. Recorded November 29, 2017.  Songs: Nobody Else Will Be There Guilty Party Carin at the Liquor Store Rylan  Host: John Richard', 569640, 5075, 126);

INSERT INTO playlist_videos VALUES ('UCeiRyLo_Q9q4tlv9aaQJF5w', 'PLIrpDAtP87O56vRF-PKdrNg2GgFvFL8XP', 'UKOq5rAFoJw', 'UC3I2GFN_F8WudD_2jUZbojA');

INSERT INTO music_video VALUES ('UC7kI8WjpCfFoMSNDuRh_4lA', '_TDk83RvooU', 'The National @ Centquatre | Full Set | Pitchfork Live', 'PT1H53S', '11-SEP-17', 'The National perform an intimate set at Centquatre in Paris for Pitchfork Live, filmed by La Blogothèque 0:30 - Nobody Else Will Be There 4:50 - Day I Die 10:00 - Walk It Back 16:25 - The System Only ', 722493, 5558, 200);

INSERT INTO playlist_videos VALUES ('UCeiRyLo_Q9q4tlv9aaQJF5w', 'PLIrpDAtP87O56vRF-PKdrNg2GgFvFL8XP', '_TDk83RvooU', 'UC7kI8WjpCfFoMSNDuRh_4lA');

INSERT INTO music_video VALUES ('UCp0hYYBW6IMayGgR-WeoCvQ', 'UTkjmS8KHdU', 'The National Performs ''Day I Die''', 'PT4M34S', '05-DEC-17', 'For the first time on daytime TV, The National took the Ellen stage with "Day I Die."', 39325, 654, 36);

INSERT INTO playlist_videos VALUES ('UCeiRyLo_Q9q4tlv9aaQJF5w', 'PLIrpDAtP87O56vRF-PKdrNg2GgFvFL8XP', 'UTkjmS8KHdU', 'UCp0hYYBW6IMayGgR-WeoCvQ');

INSERT INTO playlist VALUES ('UCeiRyLo_Q9q4tlv9aaQJF5w', 'PLIrpDAtP87O5jypS5PGgHWCH6qCwR-efr', 'Sleep Well Beast (2017)', '', 7);

INSERT INTO music_video VALUES ('UCeiRyLo_Q9q4tlv9aaQJF5w', 'GwZvip416NU', 'The National - ''Day I Die''', 'PT4M32S', '29-AUG-17', 'http://www.americanmary.com  |  http://www.4AD.com Sleep Well Beast, out now: http://4ad.co/SleepWellBeast  Director: Casey Reas DP: Graham MacIndoe', 3427390, 20597, 873);

INSERT INTO playlist_videos VALUES ('UCeiRyLo_Q9q4tlv9aaQJF5w', 'PLIrpDAtP87O5jypS5PGgHWCH6qCwR-efr', 'GwZvip416NU', 'UCeiRyLo_Q9q4tlv9aaQJF5w');

INSERT INTO music_video VALUES ('UCeiRyLo_Q9q4tlv9aaQJF5w', '2O6duDDkhis', 'The National - ''The System Only Dreams in Total Darkness''', 'PT3M57S', '11-MAY-17', 'http://www.americanmary.com  |  http://www.4AD.com Sleep Well Beast, out now: http://4ad.co/SleepWellBeast  Director: Casey Reas DOP/Drone Operator: Dan Huiting Drone Operator: Joah Milbrath', 6499587, 38621, 1738);

INSERT INTO playlist_videos VALUES ('UCeiRyLo_Q9q4tlv9aaQJF5w', 'PLIrpDAtP87O5jypS5PGgHWCH6qCwR-efr', '2O6duDDkhis', 'UCeiRyLo_Q9q4tlv9aaQJF5w');

INSERT INTO music_video VALUES ('UCeiRyLo_Q9q4tlv9aaQJF5w', 'gPp-3QSXf1g', 'The National - ''I''ll Still Destroy You''', 'PT5M23S', '23-OCT-17', 'http://www.americanmary.com  |  http://www.4AD.com Sleep Well Beast, out now: http://4ad.co/SleepWellBeast  Directed by Allan Sigurðsson and Ragnar Kjartansson Produced by Lilja Gunnarsdóttir, Ingibjö', 804126, 4599, 249);

INSERT INTO playlist_videos VALUES ('UCeiRyLo_Q9q4tlv9aaQJF5w', 'PLIrpDAtP87O5jypS5PGgHWCH6qCwR-efr', 'gPp-3QSXf1g', 'UCeiRyLo_Q9q4tlv9aaQJF5w');

INSERT INTO music_video VALUES ('UCeiRyLo_Q9q4tlv9aaQJF5w', '71xmrULJ-ms', 'The National - ''Guilty Party''', 'PT5M39S', '29-JUN-17', 'http://www.americanmary.com  |  http://www.4AD.com Sleep Well Beast, out now: http://4ad.co/SleepWellBeast  Director: Casey Reas DP: Matthew Miller DP for Long Pond Studio   Drone Footage: Dan Huiting', 3261025, 17335, 794);

INSERT INTO playlist_videos VALUES ('UCeiRyLo_Q9q4tlv9aaQJF5w', 'PLIrpDAtP87O5jypS5PGgHWCH6qCwR-efr', '71xmrULJ-ms', 'UCeiRyLo_Q9q4tlv9aaQJF5w');

INSERT INTO music_video VALUES ('UCeiRyLo_Q9q4tlv9aaQJF5w', 'eEe_yCVLQSc', 'The National - ''Carin at the Liquor Store''', 'PT3M51S', '08-AUG-17', 'http://www.americanmary.com  |  http://www.4AD.com Sleep Well Beast, out now: http://4ad.co/SleepWellBeast  Director: Casey Reas Editor: Matthew Miller Filmed by: La Blogothèque', 1922283, 9915, 404);

INSERT INTO playlist_videos VALUES ('UCeiRyLo_Q9q4tlv9aaQJF5w', 'PLIrpDAtP87O5jypS5PGgHWCH6qCwR-efr', 'eEe_yCVLQSc', 'UCeiRyLo_Q9q4tlv9aaQJF5w');

INSERT INTO playlist VALUES ('UCeiRyLo_Q9q4tlv9aaQJF5w', 'PLIrpDAtP87O4SBaRfiQjComHgv4t2s2C6', 'Trouble Will Find Me (2013)', '', 6);

INSERT INTO music_video VALUES ('UCeiRyLo_Q9q4tlv9aaQJF5w', 'A-Tod1_tZdU', 'The National - "I Need My Girl"', 'PT4M2S', '14-FEB-14', 'The official video for I Need My Girl, available digitally here: http://smarturl.it/ineedmygirl_learning Taken from the album Trouble Will Find Me, out now: http://bit.ly/10NQPA1  Directed by Sophia P', 12024104, 61804, 1639);

INSERT INTO playlist_videos VALUES ('UCeiRyLo_Q9q4tlv9aaQJF5w', 'PLIrpDAtP87O4SBaRfiQjComHgv4t2s2C6', 'A-Tod1_tZdU', 'UCeiRyLo_Q9q4tlv9aaQJF5w');

INSERT INTO music_video VALUES ('UCeiRyLo_Q9q4tlv9aaQJF5w', 'yIWmRbHDhGw', 'The National - "Sea Of Love"', 'PT4M6S', '08-MAY-13', 'The first video from the album Trouble Will Find Me, out now: http://bit.ly/10NQPA1  Zvuki Mu: http://www.youtube.com/watch?v=FyCsJAj69sc.  Directed by Sophia Peer - http://sophiapeer.com/ (full credi', 6893885, 30069, 883);

INSERT INTO playlist_videos VALUES ('UCeiRyLo_Q9q4tlv9aaQJF5w', 'PLIrpDAtP87O4SBaRfiQjComHgv4t2s2C6', 'yIWmRbHDhGw', 'UCeiRyLo_Q9q4tlv9aaQJF5w');

INSERT INTO music_video VALUES ('UCzB3VrTOjAStUvaLPMDjHDw', 'Jpz_gUyImhw', 'The National - Graceless', 'PT4M36S', '27-AUG-13', 'From the new album Trouble Will Find Me, out now: smarturl.it/thenationaltroublei  Directed by Sophia Peer - http://sophiapeer.com/ (full credits below)  http://www.americanmary.com/ https://www.faceb', 6327722, 28098, 658);

INSERT INTO playlist_videos VALUES ('UCeiRyLo_Q9q4tlv9aaQJF5w', 'PLIrpDAtP87O4SBaRfiQjComHgv4t2s2C6', 'Jpz_gUyImhw', 'UCzB3VrTOjAStUvaLPMDjHDw');

INSERT INTO music_video VALUES ('UCeiRyLo_Q9q4tlv9aaQJF5w', 'bFnA-8H-5lo', 'The National - "Don''t Swallow the Cap"', 'PT4M46S', '11-APR-13', 'From the album Trouble Will Find Me, out now: http://bit.ly/10NQPA1  Illustration and video by Azar Kazimir / Michelberger Hotel  http://www.americanmary.com/ http://www.4ad.com/  Purchase Trouble Wil', 7055457, 26379, 751);

INSERT INTO playlist_videos VALUES ('UCeiRyLo_Q9q4tlv9aaQJF5w', 'PLIrpDAtP87O4SBaRfiQjComHgv4t2s2C6', 'bFnA-8H-5lo', 'UCeiRyLo_Q9q4tlv9aaQJF5w');

INSERT INTO music_video VALUES ('UCeiRyLo_Q9q4tlv9aaQJF5w', 'N527oBKIPMc', 'The National - "Demons"', 'PT3M32S', '08-APR-13', 'From the album Trouble Will Find Me, out now: http://bit.ly/10NQPA1  Illustration and video by Azar Kazimir / Michelberger Hotel  http://www.americanmary.com/ http://www.4ad.com/  Purchase Trouble Wil', 3893117, 15173, 400);

INSERT INTO playlist_videos VALUES ('UCeiRyLo_Q9q4tlv9aaQJF5w', 'PLIrpDAtP87O4SBaRfiQjComHgv4t2s2C6', 'N527oBKIPMc', 'UCeiRyLo_Q9q4tlv9aaQJF5w');

INSERT INTO playlist VALUES ('UCeiRyLo_Q9q4tlv9aaQJF5w', 'FLeiRyLo_Q9q4tlv9aaQJF5w', 'Favorites', '', 8);

INSERT INTO music_video VALUES ('UCBuC0ParsuE_e41Wwjc0Oaw', 'YbEa3yVhKr4', 'The National no Rio de Janeiro (Circo Voador, 2011)', 'PT5M36S', '12-APR-11', 'A volta do The National ao solo carioca depois de 3 anos foi uma noite inesquecível em abril de 2011!  00:35 Anyone''s Ghost 01:00 Abel 02:02 Entrevista Matt Berninger 03:26 Platéia canta Vanderlyle C', 12377, 82, 1);

INSERT INTO playlist_videos VALUES ('UCeiRyLo_Q9q4tlv9aaQJF5w', 'FLeiRyLo_Q9q4tlv9aaQJF5w', 'YbEa3yVhKr4', 'UCBuC0ParsuE_e41Wwjc0Oaw');

INSERT INTO music_video VALUES ('UCzB3VrTOjAStUvaLPMDjHDw', 'Efg1h0EzLeE', 'The National - Terrible Love (Alternate Version)', 'PT5M2S', '19-OCT-10', 'The second video from High Violet - http://bit.ly/cq0JtX Directed Tom Berninger  http://www.4ad.com  Buy High Violet from Amazon: http://amzn.to/cOy33j Buy High Violet from Beggars: http://bit.ly/crdK', 1534350, 6649, 77);

INSERT INTO playlist_videos VALUES ('UCeiRyLo_Q9q4tlv9aaQJF5w', 'FLeiRyLo_Q9q4tlv9aaQJF5w', 'Efg1h0EzLeE', 'UCzB3VrTOjAStUvaLPMDjHDw');

INSERT INTO music_video VALUES ('UCzB3VrTOjAStUvaLPMDjHDw', 'yfySK7CLEEg', 'The National - Bloodbuzz Ohio', 'PT4M36S', '12-MAY-10', 'Music video by The National performing Bloodbuzz Ohio. (c) 2010 4AD Ltd.', 8540982, 33274, 918);

INSERT INTO playlist_videos VALUES ('UCeiRyLo_Q9q4tlv9aaQJF5w', 'FLeiRyLo_Q9q4tlv9aaQJF5w', 'yfySK7CLEEg', 'UCzB3VrTOjAStUvaLPMDjHDw');

INSERT INTO music_video VALUES ('UC-T3JrzHtDeHAmspt1Zn40A', 'S97xQKZDV_4', 'The National- "Apartment Story"', 'PT3M52S', '10-OCT-07', 'On July 13, 2018, 4AD released Boxer Live In Brussels, a live rendition of The National''s landmark 2007 album. Purchase the album from 4AD today: http://4ad.com/releases/871  Directed by Banner Gwin ', 1090466, 3583, 58);

INSERT INTO playlist_videos VALUES ('UCeiRyLo_Q9q4tlv9aaQJF5w', 'FLeiRyLo_Q9q4tlv9aaQJF5w', 'S97xQKZDV_4', 'UC-T3JrzHtDeHAmspt1Zn40A');

INSERT INTO music_video VALUES ('UC-T3JrzHtDeHAmspt1Zn40A', 'cgRsYkKb1eI', 'The National - Mistaken For Strangers', 'PT3M34S', '08-MAY-07', 'This is the video for "Mistaken For Strangers", directed by Thread-Count. This is the first single for The National''s acclaimed album, Boxer.   Boxer Live In Brussels was released by 4AD in 2018, ava', 5145084, 13569, 328);

INSERT INTO playlist_videos VALUES ('UCeiRyLo_Q9q4tlv9aaQJF5w', 'FLeiRyLo_Q9q4tlv9aaQJF5w', 'cgRsYkKb1eI', 'UC-T3JrzHtDeHAmspt1Zn40A');

INSERT INTO shows VALUES ('03-MAY-19', 'Madison, WI - The Sylvee', '2000', 'www1.ticketmaster.com/lany-madison-wisconsin-05-03-2019/event/07005565DFD97325');

INSERT INTO performs VALUES ('UCBoANX4oFfAyGPjMSUFYrfQ', '03-MAY-19', 'Madison, WI - The Sylvee');

INSERT INTO channel VALUES ('UCin7zH66ec9PCy3e-ykMpCg', 'FLETCHER', '28-FEB-15', 'http://findingfletcher.com', 0);

INSERT INTO performs VALUES ('UCin7zH66ec9PCy3e-ykMpCg', '03-MAY-19', 'Madison, WI - The Sylvee');

INSERT INTO shows VALUES ('07-MAY-19', 'Cleveland OH - Masonic Cleveland Auditorium', '1900', 'www1.ticketmaster.com/lany-cleveland-ohio-05-07-2019/event/0500556782DC2643');

INSERT INTO performs VALUES ('UCBoANX4oFfAyGPjMSUFYrfQ', '07-MAY-19', 'Cleveland OH - Masonic Cleveland Auditorium');

INSERT INTO shows VALUES ('08-MAY-19', 'Detroit, MI - The Filmore Detroit presented by Cricket Wireless', '1900', 'concerts1.livenation.com/event/08005568F48858A1');

INSERT INTO performs VALUES ('UCBoANX4oFfAyGPjMSUFYrfQ', '08-MAY-19', 'Detroit, MI - The Filmore Detroit presented by Cricket Wireless');

INSERT INTO performs VALUES ('UCin7zH66ec9PCy3e-ykMpCg', '08-MAY-19', 'Detroit, MI - The Filmore Detroit presented by Cricket Wireless');

INSERT INTO shows VALUES ('10-MAY-19', 'Boston, MA - House of the Blues Boston presented by Cricket Wireless', '1900', 'concerts1.livenation.com/event/010055676E631480');

INSERT INTO performs VALUES ('UCBoANX4oFfAyGPjMSUFYrfQ', '10-MAY-19', 'Boston, MA - House of the Blues Boston presented by Cricket Wireless');

INSERT INTO performs VALUES ('UCin7zH66ec9PCy3e-ykMpCg', '10-MAY-19', 'Boston, MA - House of the Blues Boston presented by Cricket Wireless');

INSERT INTO shows VALUES ('11-MAY-19', 'Boston, MA - House of the Blues Boston presented by Cricket Wireless', '1900', 'concerts1.livenation.com/event/010055676E661482');

INSERT INTO performs VALUES ('UCBoANX4oFfAyGPjMSUFYrfQ', '11-MAY-19', 'Boston, MA - House of the Blues Boston presented by Cricket Wireless');

INSERT INTO performs VALUES ('UCin7zH66ec9PCy3e-ykMpCg', '11-MAY-19', 'Boston, MA - House of the Blues Boston presented by Cricket Wireless');

INSERT INTO shows VALUES ('04-MAY-19', 'Bonner Springs, KS - Providence Medical Center Amphitheater', '1520', 'www1.ticketmaster.com/flyover-2019-featuring-cardi-b-21-bonner-springs-kansas-05-04-2019/event/060056323ACCED51');

INSERT INTO performs VALUES ('UCOjEHmBKwdS7joWpW0VrXkg', '04-MAY-19', 'Bonner Springs, KS - Providence Medical Center Amphitheater');

INSERT INTO channel VALUES ('UCxMAbVFmxKUVGAll0WVGpFw', 'Cardi B', '01-DEC-16', 'The official YouTube channel of Atlantic Records artist Cardi B. Subscribe for the latest music videos, performances, and more.  Invasion of Privacy Out Now - https://CardiB.lnk.to/IOPAY', 10302844);

INSERT INTO performs VALUES ('UCxMAbVFmxKUVGAll0WVGpFw', '04-MAY-19', 'Bonner Springs, KS - Providence Medical Center Amphitheater');

INSERT INTO channel VALUES ('UChEYVadfkMCfrKUi6qr3I1Q', 'Kodak Black', '28-MAR-13', 'The official YouTube channel of Atlantic Records artist Kodak Black.  2017 saw Kodak rack up certifications including: gold-certified album ‘Painting Pictures’, 2x platinum single “Tunnel Vision”, and', 5513774);

INSERT INTO performs VALUES ('UChEYVadfkMCfrKUi6qr3I1Q', '04-MAY-19', 'Bonner Springs, KS - Providence Medical Center Amphitheater');

INSERT INTO channel VALUES ('UCV0pIPt5HFfulonNog3cz1A', 'G Herbo', '19-NOV-15', 'G Herbo''s OFFICIAL channel! Subscribe for music videos, behind the scenes and tour videos from G Herbo as they''ll drop here first.   G Herbo aka Lil Herb hails from Terror Town in Chicago’s East Sid', 642518);

INSERT INTO performs VALUES ('UCV0pIPt5HFfulonNog3cz1A', '04-MAY-19', 'Bonner Springs, KS - Providence Medical Center Amphitheater');

INSERT INTO channel VALUES ('UCZ3FuC9xpPnSErHJqMg5_EQ', 'Lil Mosey', '25-MAR-14', '', 550168);

INSERT INTO performs VALUES ('UCZ3FuC9xpPnSErHJqMg5_EQ', '04-MAY-19', 'Bonner Springs, KS - Providence Medical Center Amphitheater');

INSERT INTO shows VALUES ('24-MAY-19', 'Las Vegas, NY - Brooklyn Bowl at the Linq Promenade', '2000', 'www1.ticketmaster.com/lil-mosey-las-vegas-nevada-05-24-2019/event/39005689D22C6E98');

INSERT INTO performs VALUES ('UCZ3FuC9xpPnSErHJqMg5_EQ', '24-MAY-19', 'Las Vegas, NY - Brooklyn Bowl at the Linq Promenade');

INSERT INTO shows VALUES ('01-JUN-19', 'Philadelphia, PA - The Mann', '1200', 'www1.ticketmaster.com/roots-picnic-philadelphia-pennsylvania-06-01-2019/event/020056681E0007BE');

INSERT INTO performs VALUES ('UCOjEHmBKwdS7joWpW0VrXkg', '01-JUN-19', 'Philadelphia, PA - The Mann');

INSERT INTO shows VALUES ('24-MAY-19', 'Baltimore, MD - Royal Farms Arena (formerly Baltimore Arena)', '1930', 'www1.ticketmaster.com/92q-spring-bling-festival-baltimore-maryland-05-24-2019/event/1500564195472763');

INSERT INTO channel VALUES ('UC-BN_2GM8EEd6w03EHyvtmw', 'Yo Gotti', '09-APR-09', 'Insight, integrity and influence. Yo Gotti has become one of hip-hop''s most respected street griots just by doing what he''s always done; speaking the truth on his records and being relentless with s', 2070549);

INSERT INTO performs VALUES ('UC-BN_2GM8EEd6w03EHyvtmw', '24-MAY-19', 'Baltimore, MD - Royal Farms Arena (formerly Baltimore Arena)');

INSERT INTO performs VALUES ('UCxMAbVFmxKUVGAll0WVGpFw', '24-MAY-19', 'Baltimore, MD - Royal Farms Arena (formerly Baltimore Arena)');

INSERT INTO channel VALUES ('UCrdPrDuDCbG8xayk5QkRLQA', 'MoneyBagg Yo', '06-OCT-16', '', 589849);

INSERT INTO performs VALUES ('UCrdPrDuDCbG8xayk5QkRLQA', '24-MAY-19', 'Baltimore, MD - Royal Farms Arena (formerly Baltimore Arena)');

INSERT INTO channel VALUES ('UCvjgPWQe35Wgw2aLpz9vjQQ', 'Blac Youngsta', '02-JUN-15', 'After hitting the Memphis rap scene with his song “Heavy”, Blac Youngsta signed with Yo Gotti’s CMG label in 2015. Since then, the young rapper’s become a Southern staple with a constant stream of pro', 482596);

INSERT INTO performs VALUES ('UCvjgPWQe35Wgw2aLpz9vjQQ', '24-MAY-19', 'Baltimore, MD - Royal Farms Arena (formerly Baltimore Arena)');

INSERT INTO channel VALUES ('UCwFZ5jCoCE3EySeOoqDUsXw', 'Red Grant', '03-APR-06', 'Who is RED GRANT?  Chances are you have witnessed his outlandish comedy routine on SHOWTIME, COMEDY CENTRAL, BET''s, ASPIRE or on SHAQ ALL STARS of Comedy or The KATT WILLIAMS Tour. His perplexed laug', 19400);

INSERT INTO performs VALUES ('UCwFZ5jCoCE3EySeOoqDUsXw', '24-MAY-19', 'Baltimore, MD - Royal Farms Arena (formerly Baltimore Arena)');

INSERT INTO channel VALUES ('UCpDdVTGPTiF0Vp6ieXWb1Ig', 'BlocBoy JB', '21-MAY-14', '', 850768);

INSERT INTO performs VALUES ('UCpDdVTGPTiF0Vp6ieXWb1Ig', '24-MAY-19', 'Baltimore, MD - Royal Farms Arena (formerly Baltimore Arena)');

INSERT INTO shows VALUES ('25-MAY-19', 'Chicago, IL - Credit Union 1 Arena at UIC', '1900', 'www1.ticketmaster.com/summer-mayhem-chicago-with-yo-gotti-chicago-illinois-05-25-2019/event/04005665E84A38B0');

INSERT INTO channel VALUES ('UC-BN_2GM8EEd6w03EHyvtmw', 'Yo Gotti', '09-APR-09', 'Insight, integrity and influence. Yo Gotti has become one of hip-hop''s most respected street griots just by doing what he''s always done; speaking the truth on his records and being relentless with s', 2070549);

INSERT INTO performs VALUES ('UC-BN_2GM8EEd6w03EHyvtmw', '25-MAY-19', 'Chicago, IL - Credit Union 1 Arena at UIC');

INSERT INTO channel VALUES ('UCbpqhOEGlI-1lS4GfAeV2vA', 'Soulja Boy', '14-JAN-06', 'DeAndre Cortez Way (born July 28, 1990), known professionally as Soulja Boy Tell ''Em, or simply Soulja Boy, is an American rapper, record producer, actor and entrepreneur. In September 2007, his debu', 2311989);

INSERT INTO performs VALUES ('UCbpqhOEGlI-1lS4GfAeV2vA', '25-MAY-19', 'Chicago, IL - Credit Union 1 Arena at UIC');

INSERT INTO channel VALUES ('UCH-T4tFvtcPkbI4sCi237BA', 'Young MA', '25-JUL-13', 'Booking: bookings@youngmamusic.com | General Contact: info@youngmamusic.com', 2200896);

INSERT INTO performs VALUES ('UCH-T4tFvtcPkbI4sCi237BA', '25-MAY-19', 'Chicago, IL - Credit Union 1 Arena at UIC');

INSERT INTO post VALUES ('25-APR-19', 'UCBoANX4oFfAyGPjMSUFYrfQ', 'Ugxjfsc3P3eBraaK7ft4AaABCQ', 'you can be sad but for the next 2 hours we’re gonna be happy', 7200);

INSERT INTO channel VALUES ('UCnCQECq2jfFQ1SSOKYpLNOg', 'sofia dionisio', '18-MAR-14', '', 0);

INSERT INTO post_comment VALUES ('25-APR-19', 'UCBoANX4oFfAyGPjMSUFYrfQ', 'Ugxjfsc3P3eBraaK7ft4AaABCQ', '8u8GyOhzLJi8u8TyWZDp5t', 'UCnCQECq2jfFQ1SSOKYpLNOg', 'Hi! Iloveyou from', 53);

INSERT INTO channel VALUES ('UCWR53qIybGPfm5SgzBvFCeg', 'Joy Jimenez', '08-JUL-12', 'xtrmjoy', 37);

INSERT INTO post_comment VALUES ('25-APR-19', 'UCBoANX4oFfAyGPjMSUFYrfQ', 'Ugxjfsc3P3eBraaK7ft4AaABCQ', '8u8GyOhzLJi8u8q7_YEmMx', 'UCWR53qIybGPfm5SgzBvFCeg', 'I wonder if these guys get to read these comments atleast some of it. Hope they atleast or us then I die. I love you LANY.﻿', 9);

INSERT INTO channel VALUES ('UC7F6_Rwv0lU6TPRIkrMNXww', 'yuki', '20-APR-17', 'HARRYSTYLES,THEVAMPS,5SOS,THE1975,SHAWNMENDES,ONEDIRECTION.♥', 0);

INSERT INTO post_comment VALUES ('25-APR-19', 'UCBoANX4oFfAyGPjMSUFYrfQ', 'Ugxjfsc3P3eBraaK7ft4AaABCQ', '8u8GyOhzLJi8u8Y7mDL4b5', 'UC7F6_Rwv0lU6TPRIkrMNXww', 'love you guys!!!﻿', 8);

INSERT INTO channel VALUES ('UCySQU0hJETNuZO6oo5aqI3Q', 'Rochelle Chuaquico', '06-NOV-12', '', 3);

INSERT INTO post_comment VALUES ('26-APR-19', 'UCBoANX4oFfAyGPjMSUFYrfQ', 'Ugxjfsc3P3eBraaK7ft4AaABCQ', '8u8GyOhzLJi8uAEQcudrCA', 'UCySQU0hJETNuZO6oo5aqI3Q', 'Can''t wait to see you guys here in Philippines﻿', 5);

INSERT INTO post VALUES ('24-APR-19', 'UCBoANX4oFfAyGPjMSUFYrfQ', 'UgyOoN6MXDUSNHOhjfJ4AaABCQ', 'i am never moving in with somebody... ever again lol﻿', 1700);

INSERT INTO channel VALUES ('UCbzu4d1sGosrn2zos8Qog_Q', 'Karla Oliva', '03-OCT-10', 'Living life and sharing those moments that make my heart smile :)', 0);

INSERT INTO post_comment VALUES ('25-APR-19', 'UCBoANX4oFfAyGPjMSUFYrfQ', 'UgyOoN6MXDUSNHOhjfJ4AaABCQ', '8u79nhTR7tt8u8KVLFawOk', 'UCbzu4d1sGosrn2zos8Qog_Q', 'I love Lany... that’s all I have to say!﻿', 2);

INSERT INTO channel VALUES ('UCX2dKoGbKcRvBiDAzeTbRdA', 'Tentative Flight', '20-JAN-19', '', 0);

INSERT INTO post_comment VALUES ('25-APR-19', 'UCBoANX4oFfAyGPjMSUFYrfQ', 'UgyOoN6MXDUSNHOhjfJ4AaABCQ', '8u79nhTR7tt8u7qWBrtlCI', 'UCX2dKoGbKcRvBiDAzeTbRdA', 'Julia Michael''s is an angel', 2);

INSERT INTO post VALUES ('23-APR-19', 'UCBoANX4oFfAyGPjMSUFYrfQ', 'UgxfCgV62piDmtoOR_J4AaABCQ', '"okay" with julia michaels out now', 1400);

INSERT INTO channel VALUES ('UC53ZonPvAhNpEDRTWPF8UnA', 'Dannielle Rianne', '07-DEC-17', '', 1);

INSERT INTO post_comment VALUES ('24-APR-19', 'UCBoANX4oFfAyGPjMSUFYrfQ', 'UgxfCgV62piDmtoOR_J4AaABCQ', '8u4CkPvASn38u50JWNCvvP', 'UC53ZonPvAhNpEDRTWPF8UnA', 'been playing this all throughout my sleep hahaha i know it''s nonsense, but paul klein voice is such a lullaby hahaha! Sending luv from the Philippines!!!', 1);

INSERT INTO channel VALUES ('UCftxHk1q--emgCgscyrRyUQ', 'Nikka Krishia', '02-APR-15', '', 0);

INSERT INTO post_comment VALUES ('24-APR-19', 'UCBoANX4oFfAyGPjMSUFYrfQ', 'UgxfCgV62piDmtoOR_J4AaABCQ', '8u4CkPvASn38u5V7d5dZZY', 'UCftxHk1q--emgCgscyrRyUQ', 'I knew that I''ll be crazy with this song but I''m gonna be okay! Luv u,LANY', 0);

INSERT INTO channel VALUES ('UCfLdIEPs1tYj4ieEdJnyNyw', 'Lauv', '10-MAR-15', 'Drugs   The Internet available now: http://lauv.lnk.to/drugsinternetYD  I met you when I was 18. is a collection of songs, a story. about making a big move, falling in love for the first time, and fig', 1667755);

INSERT INTO post VALUES ('26-APR-19', 'UCfLdIEPs1tYj4ieEdJnyNyw', 'UgyfCRcClqZVtPRAG2B4AaABCQ', 'me   my son would like to know what u think of the new song﻿', 15000);

INSERT INTO channel VALUES ('UCyKjLxOdSXjmcbIvA_T0sgg', 'ᑕᕼI ᑕᕼI', '12-NOV-17', '', 0);

INSERT INTO post_comment VALUES ('26-APR-19', 'UCfLdIEPs1tYj4ieEdJnyNyw', 'UgyfCRcClqZVtPRAG2B4AaABCQ', '8uCSRX24Rrx8uCV30rO8GA', 'UCyKjLxOdSXjmcbIvA_T0sgg', 'You dont need to ask bro we lauv it sm', 266);

INSERT INTO channel VALUES ('UCU7tuFKIJQMklDBOuPSWnjA', 'KIARA SMITH', '16-MAY-18', 'Suga is a lil meow meow', 0);

INSERT INTO post_comment VALUES ('26-APR-19', 'UCfLdIEPs1tYj4ieEdJnyNyw', 'UgyfCRcClqZVtPRAG2B4AaABCQ', '8uCSRX24Rrx8uCZ5LuEL2T', 'UCU7tuFKIJQMklDBOuPSWnjA', 'I LAUV ITTT, it has an amazing meaning behind it and shows how the internet isn’t such a good place :)', 58);

INSERT INTO post VALUES ('25-APR-19', 'UCfLdIEPs1tYj4ieEdJnyNyw', 'UgzF2VpnY864O2ROu0t4AaABCQ', 'DRUGS   THE INTERNET OUT NOW https://youtu.be/W775nQuxOwY﻿', 3100);

INSERT INTO channel VALUES ('UCjFRetIC8ad48eCekwz4ZOg', 'Nour B', '16-AUG-13', '', 1);

INSERT INTO post_comment VALUES ('25-APR-19', 'UCfLdIEPs1tYj4ieEdJnyNyw', 'UgzF2VpnY864O2ROu0t4AaABCQ', '8u9rhYJqJrb8u9uH3Q06Xn', 'UCjFRetIC8ad48eCekwz4ZOg', 'BEAUTIFUL SONG and most importantly: with a message﻿', 4);

INSERT INTO channel VALUES ('UCDfyR0oF4ZReY7ZDV-0R12g', 'samantha garcia berrios', '25-DEC-17', '', 0);

INSERT INTO post_comment VALUES ('26-APR-19', 'UCfLdIEPs1tYj4ieEdJnyNyw', 'UgzF2VpnY864O2ROu0t4AaABCQ', '8u9rhYJqJrb8uABOmhA8rr', 'UCDfyR0oF4ZReY7ZDV-0R12g', 'Belleza﻿', 2);

INSERT INTO post VALUES ('22-APR-19', 'UCfLdIEPs1tYj4ieEdJnyNyw', 'UgxWDWIuSV-XOm9yrsJ4AaABCQ', 'workin on his album﻿', 14000);

INSERT INTO channel VALUES ('UCMxXC7iLXNyw58IHYengk9A', 'Star pop 3737', '24-FEB-19', 'My new channel that I may or may not post on, guess we’ll see', 3);

INSERT INTO post_comment VALUES ('22-APR-19', 'UCfLdIEPs1tYj4ieEdJnyNyw', 'UgxWDWIuSV-XOm9yrsJ4AaABCQ', '8tnwu7QfB618tnx8UHzffT', 'UCMxXC7iLXNyw58IHYengk9A', 'Aww the dog is so fluffy looking forward to your album!﻿', 65);

INSERT INTO channel VALUES ('UCorlAplDmmlXo3C7ssQF2gg', 'Joyce', '20-JAN-18', 'She''s a mess of gorgeous chaos, you can see it in her eyes...', 407);

INSERT INTO post_comment VALUES ('22-APR-19', 'UCfLdIEPs1tYj4ieEdJnyNyw', 'UgxWDWIuSV-XOm9yrsJ4AaABCQ', '8tnwu7QfB618toGsCTWi0C', 'UCorlAplDmmlXo3C7ssQF2gg', 'Oh. My. Stars.  ummm, your doggo is a dust bunny with legs; an epic f l u f f  n u g g e t...﻿', 40);

INSERT INTO post VALUES ('15-APR-19', 'UCfLdIEPs1tYj4ieEdJnyNyw', 'Ugw8rUxNkSsfV8tFssh4AaABCQ', 'JEEEZ ALREADY', 12000);

INSERT INTO channel VALUES ('UCRAw5oFrIqecoixUoPZoFlA', 'Dustin Derpy', '13-SEP-15', 'Hi Everyone this is a gaming channel. I hope everyone enjoys the entertainment! =D', 87);

INSERT INTO post_comment VALUES ('15-APR-19', 'UCfLdIEPs1tYj4ieEdJnyNyw', 'Ugw8rUxNkSsfV8tFssh4AaABCQ', '8tdPeHCVrMr8tdPjrqNryA', 'UCRAw5oFrIqecoixUoPZoFlA', 'Eskeetit﻿', 36);

INSERT INTO channel VALUES ('UCwat3zuDzAd7S4xVQsUpr4Q', 'Aprajita luiza', '08-MAY-18', '', 0);

INSERT INTO post_comment VALUES ('15-APR-19', 'UCfLdIEPs1tYj4ieEdJnyNyw', 'Ugw8rUxNkSsfV8tFssh4AaABCQ', '8tdPeHCVrMr8tdUR0bHllb', 'UCwat3zuDzAd7S4xVQsUpr4Q', 'When are you planning to come to India???', 35);

INSERT INTO channel VALUES ('UCvpDeGlR5wLP9Z3Tb6K0Xfg', 'SAM SMITH', '14-SEP-12', 'Sam Smith''s Official YouTube Channel    My second album ''The Thrill Of It All'' is yours... Listen at http://samsmith.world/TTOIAYT  http://samsmithworld.com/ http://www.twitter.com/samsmith https:/', 10395227);

INSERT INTO post VALUES ('26-APR-19', 'UCvpDeGlR5wLP9Z3Tb6K0Xfg', 'UgxB-3-vyUaF9V7ELh14AaABCQ', 'Mood', 25000);

INSERT INTO channel VALUES ('UCJ-Y0MXgJrllmtQTwDqa3KQ', 'Zoe Wong', '28-DEC-16', '', 0);

INSERT INTO post_comment VALUES ('26-APR-19', 'UCvpDeGlR5wLP9Z3Tb6K0Xfg', 'UgxB-3-vyUaF9V7ELh14AaABCQ', '8uBJNnDrrxB8uBQQecd0qz', 'UCJ-Y0MXgJrllmtQTwDqa3KQ', 'U look like u just stole someone’s first kiss﻿', 146);

INSERT INTO channel VALUES ('UCoief6OjWfpxXo7fCHyMTiQ', 'Borderline Girl', '27-APR-18', 'Nn goxtou?  Deita na BR,mb!   ❤😎🔫👌', 6);

INSERT INTO post_comment VALUES ('26-APR-19', 'UCvpDeGlR5wLP9Z3Tb6K0Xfg', 'UgxB-3-vyUaF9V7ELh14AaABCQ', '8uBJNnDrrxB8uBO2RGQcNI', 'UCoief6OjWfpxXo7fCHyMTiQ', 'Why do you look so cool in every pictures?﻿', 55);

INSERT INTO channel VALUES ('UCvpDeGlR5wLP9Z3Tb6K0Xfg', 'SAM SMITH', '14-SEP-12', 'Sam Smith''s Official YouTube Channel    My second album ''The Thrill Of It All'' is yours... Listen at http://samsmith.world/TTOIAYT  http://samsmithworld.com/ http://www.twitter.com/samsmith https:/', 10395226);

INSERT INTO post VALUES ('15-APR-19', 'UCvpDeGlR5wLP9Z3Tb6K0Xfg', 'Ugxd-AOWDI2iMCvP6f54AaABCQ', 'BOGOTÁ. I am in a deep love affair with you and with Colombia. I’ve had so much fun here. So much amazing food and wine. Danced all night last night and I don’t want to leave!!!!!!! Thank you so much ', 17000);

INSERT INTO channel VALUES ('UC6FXQMXjbTQrRrp6Xo2dgtA', 'Arleth Guevara', '02-MAR-12', '', 24);

INSERT INTO post_comment VALUES ('15-APR-19', 'UCvpDeGlR5wLP9Z3Tb6K0Xfg', 'Ugxd-AOWDI2iMCvP6f54AaABCQ', '8tVP1vZfQbZ8tVQvyXlUXc', 'UC6FXQMXjbTQrRrp6Xo2dgtA', 'You are the sweetest and loveliest artist on earth. Thank you for such an amazing show, we would never forget. Please come back soon! Colombia loves you', 118);

INSERT INTO channel VALUES ('UCgtpHHheFaG5WAsZ2YBS3zQ', 'Maryline Carmona', '23-AUG-16', '', 19);

INSERT INTO post_comment VALUES ('15-APR-19', 'UCvpDeGlR5wLP9Z3Tb6K0Xfg', 'Ugxd-AOWDI2iMCvP6f54AaABCQ', '8tVP1vZfQbZ8tWJVZut2_K', 'UCgtpHHheFaG5WAsZ2YBS3zQ', 'This is how many people agree that Sam Smith is the greatest in the world', 36);

INSERT INTO channel VALUES ('UC0C-w0YjGpqDXGB8IHb662A', 'Ed Sheeran', '08-AUG-06', 'Ed Sheeran''s official YouTube channel!', 38342526);

INSERT INTO post VALUES ('29-MAR-19', 'UC0C-w0YjGpqDXGB8IHb662A', 'UgzQD0rHLSaayo4LE0Z4AaABCQ', 'Go watch this video of me, Dave   Nihal talking for @Love Music Hate Racism’s YouTube channel x #beautifulresistance https://LMHR.lnk.to/DavexEd﻿', 9800);

INSERT INTO channel VALUES ('UCUs59_uHsmiwtXS0ft2W-0g', 'Makan Nakal', '23-JUL-18', '', 787);

INSERT INTO post_comment VALUES ('29-MAR-19', 'UC0C-w0YjGpqDXGB8IHb662A', 'UgzQD0rHLSaayo4LE0Z4AaABCQ', '8suK5aBaAxc8suK9n9aJ4W', 'UCUs59_uHsmiwtXS0ft2W-0g', 'Who loves ed sheeran?', 36);

INSERT INTO channel VALUES ('UCgI07yl06s3MRQCL4fubRYQ', 'Somyeh Virmani', '24-SEP-16', '', 10);

INSERT INTO post_comment VALUES ('29-MAR-19', 'UC0C-w0YjGpqDXGB8IHb662A', 'UgzQD0rHLSaayo4LE0Z4AaABCQ', '8suK5aBaAxc8suM6_6aXBq', 'UCgI07yl06s3MRQCL4fubRYQ', 'Is Ed Subscribed To Pewdiepie?﻿', 17);

INSERT INTO channel VALUES ('UCZOEywSEwg8YZcKMoI5mHgA', 'Joe Rogan', '29-OCT-06', '', 233273);

INSERT INTO channel_links VALUES ('UCZOEywSEwg8YZcKMoI5mHgA', 'http://www.joerogan.net');

INSERT INTO channel_links VALUES ('UCBoANX4oFfAyGPjMSUFYrfQ', 'https://open.spotify.com/artist/49tQo2QULno7gxHutgccqF');

INSERT INTO channel_links VALUES ('UCBoANX4oFfAyGPjMSUFYrfQ', 'https://www.instagram.com/thisislany/');

INSERT INTO channel_links VALUES ('UCBoANX4oFfAyGPjMSUFYrfQ', 'https://www.facebook.com/thisislany');

INSERT INTO channel_links VALUES ('UCBoANX4oFfAyGPjMSUFYrfQ', 'https://itunes.apple.com/us/artist/lany/867853783');

INSERT INTO channel_links VALUES ('UCBoANX4oFfAyGPjMSUFYrfQ', 'https://twitter.com/thisislany');

INSERT INTO channel_links VALUES ('UCBoANX4oFfAyGPjMSUFYrfQ', 'https://order.thisislany.com');

INSERT INTO channel VALUES ('UC4gPNusMDwx2Xm-YI35AkCA', 'U2', '21-NOV-06', 'Rock band from Dublin, Ireland.  Adam Clayton on Bass. The Edge on Guitar. Larry Mullen Jr on Drums. Bono on Vocals. http://www.u2.com', 1470311);

INSERT INTO channel_links VALUES ('UC4gPNusMDwx2Xm-YI35AkCA', 'https://www.u2.com');

INSERT INTO channel VALUES ('UC4gPNusMDwx2Xm-YI35AkCA', 'U2', '21-NOV-06', 'Rock band from Dublin, Ireland.  Adam Clayton on Bass. The Edge on Guitar. Larry Mullen Jr on Drums. Bono on Vocals. http://www.u2.com', 1470311);

INSERT INTO channel_links VALUES ('UC4gPNusMDwx2Xm-YI35AkCA', 'https://twitter.com/u2');

INSERT INTO channel VALUES ('UC4gPNusMDwx2Xm-YI35AkCA', 'U2', '21-NOV-06', 'Rock band from Dublin, Ireland.  Adam Clayton on Bass. The Edge on Guitar. Larry Mullen Jr on Drums. Bono on Vocals. http://www.u2.com', 1470311);

INSERT INTO channel_links VALUES ('UC4gPNusMDwx2Xm-YI35AkCA', 'https://soundcloud.com/u2');

INSERT INTO channel VALUES ('UC4gPNusMDwx2Xm-YI35AkCA', 'U2', '21-NOV-06', 'Rock band from Dublin, Ireland.  Adam Clayton on Bass. The Edge on Guitar. Larry Mullen Jr on Drums. Bono on Vocals. http://www.u2.com', 1470311);

INSERT INTO channel_links VALUES ('UC4gPNusMDwx2Xm-YI35AkCA', 'https://www.facebook.com/u2');

INSERT INTO channel VALUES ('UC4gPNusMDwx2Xm-YI35AkCA', 'U2', '21-NOV-06', 'Rock band from Dublin, Ireland.  Adam Clayton on Bass. The Edge on Guitar. Larry Mullen Jr on Drums. Bono on Vocals. http://www.u2.com', 1470311);

INSERT INTO channel_links VALUES ('UC4gPNusMDwx2Xm-YI35AkCA', 'https://www.instagram.com/u2/');

